Unnamed: 0,Bonus_miles,ID#,clust,cc1_miles,cc2_miles,cc3_miles
0,174,1,1,1,1,1
1,215,2,1,1,1,1
2,4123,3,1,1,1,1
3,500,4,1,1,1,1
4,43300,5,3,4,1,1
5,0,6,1,1,1,1
6,27482,7,3,3,1,1
7,5250,8,1,1,1,1
8,1753,9,2,3,2,1
9,28426,10,3,3,1,1
10,7278,11,1,2,1,1
11,61105,12,3,5,1,1
12,11150,13,1,2,1,1
13,3258,14,1,1,1,1
14,0,15,1,1,1,1
15,49442,16,3,4,1,1
16,48963,17,3,4,1,1
17,4291,18,1,1,1,1
18,27408,19,3,3,1,1
19,10447,20,3,3,1,1
20,58831,21,3,5,1,1
21,13300,22,0,1,1,1
22,3450,23,1,1,1,1
23,2533,24,1,1,1,1
24,4025,25,1,1,1,1
25,1375,26,1,1,1,1
26,1227,27,1,1,1,1
27,0,28,1,1,1,1
28,33772,29,3,3,1,1
29,4655,30,1,1,1,1
30,20797,31,3,3,1,1
31,0,32,1,1,1,1
32,42044,33,3,4,1,1
33,100,34,1,1,1,1
34,0,35,1,1,1,1
35,50572,36,3,4,1,1
36,650,37,1,1,1,1
37,350,38,1,1,1,1
38,27878,39,3,3,1,1
39,0,40,1,1,1,1
40,1750,41,1,1,1,1
41,38094,42,3,4,1,1
42,10000,43,0,1,1,1
43,15008,44,3,3,1,1
44,18493,45,3,3,1,1
45,23600,46,3,1,1,1
46,11214,47,1,2,1,1
47,5900,48,1,1,1,1
48,34678,49,3,3,1,1
49,1150,50,1,1,1,1
50,6368,51,0,1,1,1
51,370,52,1,1,1,1
52,44577,53,3,4,1,1
53,4970,54,1,1,1,1
54,0,55,1,1,1,1
55,1625,56,1,1,1,1
56,34339,57,3,4,1,1
57,3100,58,1,1,1,1
58,34024,59,3,3,1,1
59,23188,60,3,3,1,1
60,15588,61,3,3,1,1
61,17601,62,1,1,1,1
62,0,63,1,1,1,1
63,28079,64,1,1,1,1
64,895,65,1,1,1,1
65,33767,66,0,3,1,1
66,1750,67,1,1,1,1
67,35287,68,3,4,1,1
68,24047,69,3,3,1,1
69,12621,71,3,3,1,1
70,15436,72,3,2,1,1
71,39787,73,3,4,1,1
72,12500,74,3,3,1,1
73,631,75,1,1,1,1
74,25308,76,3,3,1,1
75,15776,78,3,3,1,1
76,7537,79,1,1,1,1
77,32883,80,3,4,1,1
78,38037,81,3,4,1,1
79,76988,82,3,5,1,1
80,32685,83,1,1,1,1
81,1200,84,1,1,1,1
82,498,85,1,1,1,1
83,1625,86,1,1,1,1
84,1750,87,1,1,1,1
85,58557,88,3,5,1,1
86,7719,89,1,1,1,1
87,21422,90,3,3,1,1
88,7672,91,1,2,1,1
89,3500,92,1,1,1,1
90,22250,93,1,1,1,1
91,2000,94,1,1,1,1
92,36679,95,3,4,1,1
93,5000,96,1,1,1,1
94,110859,97,0,5,1,1
95,2875,98,1,1,1,1
96,5560,99,1,1,1,1
97,44247,100,3,4,1,1
98,1375,101,1,1,1,1
99,20184,102,3,3,1,1
100,57203,103,3,5,1,1
101,0,104,1,1,1,1
102,0,105,1,1,1,1
103,3861,106,1,1,1,1
104,0,107,1,1,1,1
105,61096,108,3,5,1,1
106,49059,109,4,1,1,3
107,0,110,1,1,1,1
108,46335,111,3,4,1,1
109,32917,112,3,4,1,1
110,18415,113,3,3,1,1
111,8550,114,0,1,1,1
112,66330,115,0,5,1,1
113,2015,116,1,1,1,1
114,5422,117,3,1,1,1
115,23260,118,3,3,1,1
116,7346,119,1,2,1,1
117,2500,120,3,1,1,1
118,24222,121,3,3,1,1
119,2625,122,1,1,1,1
120,1000,123,1,1,1,1
121,126630,124,3,5,1,1
122,37266,125,3,4,1,1
123,24768,126,3,3,1,1
124,42775,127,3,4,1,1
125,37670,128,3,4,1,1
126,194753,129,3,5,1,1
127,56308,130,0,4,1,1
128,10123,131,3,2,1,1
129,37461,132,3,4,1,1
130,0,133,1,1,1,1
131,1095,134,1,1,1,1
132,8000,135,1,1,1,1
133,10850,136,1,1,1,1
134,15155,137,3,3,1,1
135,19172,138,0,1,1,1
136,29099,139,3,4,1,1
137,53552,140,3,4,1,1
138,8578,141,3,1,1,1
139,3500,142,1,1,1,1
140,0,143,1,1,1,1
141,0,144,1,1,1,1
142,450,145,1,1,1,1
143,35021,146,3,4,1,1
144,16857,147,3,3,1,1
145,7600,148,1,1,1,1
146,100,149,1,1,1,1
147,58208,150,3,5,1,1
148,20415,151,3,3,1,1
149,205,152,1,1,1,1
150,42403,153,3,4,1,1
151,211284,154,3,5,1,1
152,60808,155,3,5,1,1
153,4581,156,1,1,1,1
154,37655,157,3,4,1,1
155,52574,158,3,4,1,1
156,19926,159,3,3,1,1
157,12313,160,3,3,1,1
158,59852,161,3,5,1,1
159,5860,162,1,1,1,1
160,18500,163,3,3,1,1
161,55323,164,3,5,1,1
162,18604,165,1,1,1,1
163,30298,166,3,4,1,1
164,15489,167,3,3,1,1
165,180,168,1,1,1,1
166,5269,169,1,1,1,1
167,74800,170,3,5,1,1
168,44615,171,3,4,1,1
169,45230,172,3,4,1,1
170,67335,173,3,5,1,1
171,0,174,1,1,1,1
172,23740,175,3,3,1,1
173,15656,176,3,1,1,1
174,42301,177,3,4,1,1
175,43533,178,3,4,1,1
176,7357,179,3,1,1,1
177,7368,180,3,2,1,1
178,500,181,1,1,1,1
179,1125,182,1,1,1,1
180,10735,183,1,1,1,1
181,17086,184,3,3,1,1
182,50,186,1,1,1,1
183,8860,187,3,2,1,1
184,23640,188,3,3,1,1
185,11694,189,3,3,1,1
186,57173,190,0,4,1,1
187,3250,191,1,1,1,1
188,73679,192,3,5,1,1
189,2954,193,1,1,1,1
190,240544,194,3,5,1,1
191,44373,195,0,4,1,1
192,107813,196,3,5,1,1
193,0,197,1,1,1,1
194,100,198,1,1,1,1
195,0,199,1,1,1,1
196,61857,200,3,5,1,1
197,19670,201,3,3,1,1
198,11397,202,2,1,3,1
199,36001,203,3,4,1,1
200,26948,204,3,4,1,1
201,13878,205,3,2,1,1
202,486,206,1,1,1,1
203,79687,207,3,5,1,1
204,0,208,1,1,1,1
205,2278,209,1,1,1,1
206,92159,210,3,5,1,1
207,3694,211,1,1,1,1
208,18009,212,3,3,1,1
209,0,213,1,1,1,1
210,99612,214,3,5,1,1
211,2947,215,1,1,1,1
212,4671,216,1,1,1,1
213,20087,217,3,3,1,1
214,2700,218,1,1,1,1
215,27308,219,3,4,1,1
216,1134,220,1,1,1,1
217,7069,221,1,1,1,1
218,24156,222,3,3,1,1
219,45891,223,3,4,1,1
220,90653,224,0,5,1,1
221,68754,225,3,5,1,1
222,2750,226,1,1,1,1
223,750,227,1,1,1,1
224,10849,228,3,3,1,1
225,5570,229,1,2,1,1
226,6448,230,2,1,2,1
227,36362,231,3,4,1,1
228,7164,232,1,2,1,1
229,58689,233,3,5,1,1
230,23987,234,3,3,1,1
231,56524,235,3,5,1,1
232,6039,236,1,1,1,1
233,8764,237,3,2,1,1
234,9057,238,3,2,1,1
235,19489,239,3,2,1,1
236,3125,240,1,1,1,1
237,8471,241,3,1,1,1
238,97683,242,0,5,1,1
239,3853,243,1,1,1,1
240,88987,244,3,5,1,1
241,5002,245,1,2,1,1
242,41186,246,3,4,1,1
243,66222,247,0,5,1,1
244,141615,248,3,5,1,1
245,56076,249,0,4,1,1
246,5300,250,1,1,1,1
247,4425,251,1,1,1,1
248,60990,252,3,5,1,1
249,9620,253,1,2,1,1
250,1925,254,1,1,1,1
251,5875,255,1,1,1,1
252,21584,256,3,3,1,1
253,14711,257,3,3,1,1
254,12500,258,1,1,1,1
255,61515,259,3,5,1,1
256,8534,260,0,1,1,1
257,14938,261,3,2,1,1
258,6303,262,1,1,1,1
259,77122,263,3,5,1,1
260,605,264,1,1,1,1
261,1319,265,1,1,1,1
262,11095,266,1,2,1,1
263,10267,267,1,2,1,1
264,5400,268,1,1,1,1
265,23097,269,3,3,1,1
266,0,270,1,1,1,1
267,4000,271,1,1,1,1
268,46473,272,3,4,1,1
269,120907,273,3,5,1,1
270,19019,274,3,3,1,1
271,67286,275,3,5,1,1
272,74993,276,3,5,1,1
273,2100,277,1,1,1,1
274,0,278,1,1,1,1
275,17108,279,0,1,1,1
276,0,280,1,1,1,1
277,12423,281,3,3,1,1
278,980,282,1,1,1,1
279,57642,283,3,5,1,1
280,4600,284,1,1,1,1
281,38740,285,3,4,1,1
282,8487,286,1,1,1,1
283,5300,287,1,1,1,1
284,36776,288,3,4,1,1
285,46349,289,3,4,1,1
286,68320,290,3,5,1,1
287,11326,291,3,2,1,1
288,57713,292,3,5,1,1
289,37459,293,3,4,1,1
290,67121,294,3,5,1,1
291,95082,295,3,5,1,1
292,84800,296,3,5,1,1
293,3875,297,1,1,1,1
294,0,298,1,1,1,1
295,39743,299,3,4,1,1
296,38408,300,3,4,1,1
297,20521,301,3,3,1,1
298,42141,302,0,4,1,1
299,0,303,1,1,1,1
300,750,304,1,1,1,1
301,7100,305,1,1,1,1
302,49198,306,3,4,1,1
303,28200,307,3,4,1,1
304,14750,308,3,3,1,1
305,52081,309,3,4,1,1
306,7478,310,1,1,1,1
307,8001,311,0,1,1,1
308,7572,312,1,2,1,1
309,2100,313,1,1,1,1
310,30476,314,3,4,1,1
311,37534,315,3,4,1,1
312,28765,316,3,4,1,1
313,119162,317,3,5,1,1
314,17819,318,3,3,1,1
315,9275,319,3,1,1,1
316,1000,320,1,1,1,1
317,3917,321,1,1,1,1
318,11398,322,3,1,1,1
319,6500,323,1,1,1,1
320,13544,324,3,3,1,1
321,32404,325,3,3,1,1
322,51399,326,3,4,1,1
323,21666,327,0,1,1,1
324,11930,328,1,3,1,1
325,258,329,1,1,1,1
326,11793,330,1,2,1,1
327,114329,331,0,5,1,1
328,63738,332,3,5,1,1
329,3875,333,1,1,1,1
330,66879,334,3,5,1,1
331,0,335,1,1,1,1
332,15672,337,3,3,1,1
333,0,338,1,1,1,1
334,44299,339,3,4,1,1
335,57313,340,3,4,1,1
336,37663,341,3,4,1,1
337,0,342,1,1,1,1
338,1500,343,1,1,1,1
339,24831,344,3,3,1,1
340,63960,345,3,4,1,1
341,15149,346,3,2,1,1
342,0,347,1,1,1,1
343,19140,348,1,1,1,2
344,1500,349,1,1,1,1
345,36532,350,3,4,1,1
346,17636,351,3,3,1,1
347,60447,352,3,5,1,1
348,37772,353,3,4,1,1
349,11268,354,1,1,1,1
350,1250,355,1,1,1,1
351,20802,356,3,3,1,1
352,100,357,1,1,1,1
353,0,358,1,1,1,1
354,14462,359,3,3,1,1
355,7491,360,1,2,1,1
356,3000,361,1,1,1,1
357,40108,362,3,4,1,1
358,0,363,1,1,1,1
359,3189,364,1,1,1,1
360,12200,365,0,1,1,1
361,140,366,1,1,1,1
362,38127,367,3,4,1,1
363,160,368,1,1,1,1
364,8612,369,1,2,1,1
365,500,370,1,1,1,1
366,1000,371,1,1,1,1
367,0,372,1,1,1,1
368,225,373,1,1,1,1
369,126941,374,3,5,1,1
370,6568,375,1,1,1,1
371,19407,376,0,3,1,1
372,62666,377,3,5,1,1
373,0,378,1,1,1,1
374,10574,379,3,2,1,1
375,29900,380,0,1,1,1
376,300,381,1,1,1,1
377,20853,382,3,3,1,1
378,0,383,1,1,1,1
379,36907,384,3,4,1,1
380,230629,385,0,5,1,1
381,15907,386,2,1,3,1
382,42293,387,3,4,1,1
383,66516,388,3,4,1,1
384,103456,389,4,5,1,4
385,18157,390,3,3,1,1
386,11665,391,1,2,1,1
387,28717,393,3,4,1,1
388,17855,394,3,3,1,1
389,1244,395,1,1,1,1
390,11402,396,1,2,1,1
391,20792,397,3,3,1,1
392,9044,398,2,1,2,1
393,140,399,1,1,1,1
394,7142,400,1,1,1,1
395,955,401,1,1,1,1
396,2000,402,1,1,1,1
397,0,403,1,1,1,1
398,1205,404,1,1,1,1
399,913,405,1,1,1,1
400,5471,406,1,2,1,1
401,1024,407,1,1,1,1
402,8510,408,1,2,1,1
403,0,409,1,1,1,1
404,102279,410,0,5,1,1
405,59858,411,3,5,1,1
406,0,412,1,1,1,1
407,6000,413,1,1,1,1
408,0,414,1,1,1,1
409,1296,415,1,1,1,1
410,25395,416,0,5,1,1
411,37723,417,3,4,1,1
412,66983,418,0,4,1,1
413,74340,419,3,5,1,1
414,0,420,1,1,1,1
415,10462,421,3,2,1,1
416,22831,422,3,3,1,1
417,240,423,1,1,1,1
418,16081,424,3,3,1,1
419,0,425,1,1,1,1
420,23866,426,0,1,1,1
421,500,427,1,1,1,1
422,3501,428,3,4,1,1
423,129330,429,3,5,1,1
424,62758,430,3,5,1,1
425,28731,431,3,4,1,1
426,9000,432,1,1,1,1
427,68007,433,3,5,1,1
428,2310,434,1,1,1,1
429,36269,435,3,4,1,1
430,0,436,1,1,1,1
431,0,437,1,1,1,1
432,1000,438,1,1,1,1
433,56567,439,3,5,1,1
434,4600,440,1,1,1,1
435,0,441,1,1,1,1
436,46588,442,3,4,1,1
437,141230,443,3,4,1,1
438,49383,444,3,4,1,1
439,1000,445,1,1,1,1
440,2030,446,1,1,1,1
441,24775,447,3,3,1,1
442,6000,448,1,1,1,1
443,6290,449,1,2,1,1
444,39010,450,3,3,1,1
445,12900,451,1,1,1,1
446,22873,452,3,3,1,1
447,100,453,1,1,1,1
448,23608,454,3,3,1,1
449,1759,455,1,1,1,1
450,40997,456,3,4,1,1
451,500,457,1,1,1,1
452,24155,458,3,3,1,1
453,61714,459,3,5,1,1
454,6498,460,1,1,1,1
455,0,461,1,1,1,1
456,15476,462,3,3,1,1
457,9018,463,1,2,1,1
458,28613,464,3,4,1,1
459,17078,465,3,3,1,1
460,4389,466,1,1,1,1
461,19946,467,3,3,1,1
462,9872,468,3,2,1,1
463,2522,469,1,1,1,1
464,2991,470,1,1,1,1
465,136619,471,3,5,1,1
466,60883,472,0,5,1,1
467,95531,473,3,5,1,1
468,3708,474,1,1,1,1
469,2100,475,1,1,1,1
470,125,476,1,1,1,1
471,4100,477,0,1,1,1
472,63463,478,3,5,1,1
473,11870,479,3,3,1,1
474,5021,480,1,1,1,1
475,40090,481,0,3,1,1
476,3982,482,1,1,1,1
477,25802,483,3,4,1,1
478,33047,484,3,4,1,1
479,21248,485,3,3,1,1
480,8253,486,1,2,1,1
481,23046,487,3,3,1,1
482,2500,488,1,1,1,1
483,6325,489,1,1,1,1
484,1250,490,1,1,1,1
485,18348,491,3,3,1,1
486,101101,492,3,5,1,1
487,4240,493,1,1,1,1
488,3800,494,0,1,1,1
489,13415,495,3,3,1,1
490,5000,496,1,1,1,1
491,9689,497,3,1,1,1
492,78186,498,0,5,1,1
493,0,499,1,1,1,1
494,37380,500,3,4,1,1
495,1250,501,1,1,1,1
496,8747,502,3,2,1,1
497,0,503,1,1,1,1
498,0,504,1,1,1,1
499,57354,505,3,5,1,1
500,11137,506,0,1,1,1
501,35528,507,3,4,1,1
502,0,508,1,1,1,1
503,97584,509,3,5,1,1
504,100,510,1,1,1,1
505,79837,511,3,5,1,1
506,32560,512,3,4,1,1
507,5172,513,1,1,1,1
508,100,514,1,1,1,1
509,3297,515,1,1,1,1
510,98959,516,3,5,1,1
511,10348,517,0,1,1,1
512,51197,518,3,4,1,1
513,5190,519,1,1,1,1
514,28075,520,3,4,1,1
515,63803,521,3,5,1,1
516,9039,522,3,1,1,1
517,71921,523,3,5,1,1
518,46606,524,3,4,1,1
519,31465,525,3,1,1,1
520,8185,526,1,1,1,1
521,4040,527,1,1,1,1
522,47994,528,3,4,1,1
523,2000,529,1,1,1,1
524,6828,530,1,1,1,1
525,4942,531,1,1,1,1
526,26926,532,3,4,1,1
527,34308,533,3,4,1,1
528,45890,534,3,4,1,1
529,12040,535,3,3,1,1
530,2500,536,1,1,1,1
531,124421,537,0,5,1,1
532,64450,538,3,5,1,1
533,625,539,1,1,1,1
534,263685,540,3,5,1,1
535,18885,541,3,3,1,1
536,4500,542,1,1,1,1
537,46718,543,3,4,1,1
538,0,544,1,1,1,1
539,2197,545,1,1,1,1
540,2775,546,1,1,1,1
541,7551,547,1,1,1,1
542,252,548,1,1,1,1
543,180,549,1,1,1,1
544,6500,550,1,1,1,1
545,19000,551,1,1,1,1
546,90992,552,3,5,1,1
547,25048,553,3,4,1,1
548,2050,554,1,1,1,1
549,29823,555,0,3,1,1
550,18604,556,3,3,1,1
551,7769,557,3,2,1,1
552,4833,558,1,1,1,1
553,190,559,1,1,1,1
554,23387,560,3,3,1,1
555,3000,562,1,1,1,1
556,0,563,1,1,1,1
557,500,564,1,1,1,1
558,735,565,1,1,1,1
559,290,566,1,1,1,1
560,12678,567,3,3,1,1
561,22485,568,2,2,2,1
562,7700,569,1,1,1,1
563,41004,570,3,4,1,1
564,63811,571,3,5,1,1
565,23522,572,3,3,1,1
566,14331,573,3,3,1,1
567,41264,574,3,4,1,1
568,1600,575,1,1,1,1
569,0,576,1,1,1,1
570,2000,577,1,1,1,1
571,29089,578,3,4,1,1
572,4570,579,1,1,1,1
573,2602,580,1,1,1,1
574,81040,581,3,5,1,1
575,0,582,1,1,1,1
576,78999,583,3,5,1,1
577,1330,584,1,1,1,1
578,2800,585,1,1,1,1
579,250,586,1,1,1,1
580,53043,587,3,5,1,1
581,9548,588,1,2,1,1
582,1000,589,1,1,1,1
583,0,590,1,1,1,1
584,0,591,1,1,1,1
585,250,592,1,1,1,1
586,0,593,1,1,1,1
587,39073,594,3,4,1,1
588,3961,595,1,1,1,1
589,3375,596,1,1,1,1
590,6032,597,1,1,1,1
591,0,599,1,1,1,1
592,19052,600,3,3,1,1
593,27971,601,3,4,1,1
594,38380,602,0,3,1,1
595,100,603,1,1,1,1
596,0,604,1,1,1,1
597,0,605,1,1,1,1
598,41447,606,3,4,1,1
599,57264,607,3,5,1,1
600,41954,608,3,4,1,1
601,27882,609,3,4,1,1
602,86582,610,3,5,1,1
603,28460,611,3,4,1,1
604,16137,612,3,3,1,1
605,1200,613,1,1,1,1
606,21419,614,3,3,1,1
607,5086,615,1,1,1,1
608,35098,616,3,4,1,1
609,450,617,1,1,1,1
610,23404,618,1,2,1,1
611,25078,619,0,1,1,1
612,10885,620,1,1,1,1
613,3733,621,1,1,1,1
614,14445,622,3,3,1,1
615,37110,623,3,4,1,1
616,12211,625,3,3,1,1
617,16463,626,3,3,1,1
618,52908,627,3,4,1,1
619,48874,628,3,4,1,1
620,28190,629,3,4,1,1
621,6273,630,1,2,1,1
622,19113,631,0,2,1,1
623,53495,632,3,5,1,1
624,83752,633,3,5,1,1
625,24973,634,3,3,1,1
626,14168,635,1,3,1,1
627,27410,636,3,4,1,1
628,3825,637,1,1,1,1
629,26117,638,3,4,1,1
630,153183,639,0,5,1,1
631,4625,640,1,1,1,1
632,0,641,1,1,1,1
633,5538,642,1,1,1,1
634,0,643,1,1,1,1
635,280,644,1,1,1,1
636,7396,645,1,2,1,1
637,12315,646,1,1,1,1
638,23049,647,3,3,1,1
639,63841,648,3,5,1,1
640,0,649,1,1,1,1
641,13150,650,1,2,1,1
642,150,651,1,1,1,1
643,500,652,1,1,1,1
644,0,653,1,1,1,1
645,0,654,1,1,1,1
646,0,655,1,1,1,1
647,15153,656,3,3,1,1
648,710,657,1,1,1,1
649,12000,658,3,1,1,1
650,16510,659,3,3,1,1
651,8163,660,3,1,1,1
652,5900,661,1,1,1,1
653,37869,662,3,4,1,1
654,4675,663,1,1,1,1
655,185,664,1,1,1,1
656,4765,665,1,1,1,1
657,22707,666,3,3,1,1
658,12000,667,3,1,1,1
659,10697,668,1,1,1,1
660,29976,669,3,4,1,1
661,233,670,1,1,1,1
662,128048,671,0,5,1,1
663,19223,672,3,3,1,1
664,28208,673,3,4,1,1
665,14582,675,3,3,1,1
666,2750,676,1,1,1,1
667,5547,677,1,2,1,1
668,5025,678,1,1,1,1
669,33950,679,3,4,1,1
670,49656,680,3,4,1,1
671,0,681,1,1,1,1
672,29130,682,3,4,1,1
673,8650,683,1,1,1,1
674,43643,684,3,4,1,1
675,23582,685,3,3,1,1
676,2845,686,1,1,1,1
677,20467,687,3,3,1,1
678,12154,688,3,3,1,1
679,2900,689,1,1,1,1
680,1000,690,1,1,1,1
681,4230,691,0,1,1,1
682,22258,692,3,3,1,1
683,46942,693,0,4,1,1
684,6091,694,1,1,1,1
685,92752,695,3,5,1,1
686,280,696,1,1,1,1
687,88773,697,3,5,1,1
688,23167,698,3,3,1,1
689,37072,699,3,4,1,1
690,2750,700,1,1,1,1
691,28386,701,3,4,1,1
692,30406,702,3,4,1,1
693,27390,703,3,3,1,1
694,6783,704,1,1,1,1
695,5150,705,1,1,1,1
696,0,706,1,1,1,1
697,31624,707,3,2,1,1
698,0,708,1,1,1,1
699,14728,709,3,3,1,1
700,0,710,1,1,1,1
701,44472,711,3,4,1,1
702,68090,712,0,5,1,1
703,0,713,1,1,1,1
704,103935,714,3,5,1,1
705,45416,715,3,4,1,1
706,5590,716,1,1,1,1
707,0,717,1,1,1,1
708,7134,718,0,1,1,1
709,1287,719,1,1,1,1
710,1587,720,1,1,1,1
711,41174,721,3,4,1,1
712,0,722,1,1,1,1
713,14029,723,3,2,1,1
714,41278,724,3,4,1,1
715,17510,725,3,3,1,1
716,29999,726,3,4,1,1
717,22675,727,3,3,1,1
718,97318,728,0,5,1,1
719,1100,729,1,1,1,1
720,5488,730,1,2,1,1
721,21721,731,3,3,1,1
722,4197,732,1,1,1,1
723,20468,733,3,3,1,1
724,75,734,1,1,1,1
725,76440,735,3,5,1,1
726,48914,736,3,4,1,1
727,18122,737,3,3,1,1
728,11411,738,1,3,1,1
729,1250,739,1,1,1,1
730,41253,740,3,4,1,1
731,45517,741,3,4,1,1
732,318,742,1,1,1,1
733,818,743,1,1,1,1
734,1065,744,1,1,1,1
735,9547,745,1,2,1,1
736,61274,746,3,5,1,1
737,2125,747,1,1,1,1
738,9799,748,1,1,1,1
739,53843,749,3,5,1,1
740,17383,750,3,3,1,1
741,43190,751,3,4,1,1
742,0,752,1,1,1,1
743,22750,753,0,1,1,1
744,8048,754,3,2,1,1
745,42020,755,3,4,1,1
746,6333,756,1,1,1,1
747,10365,757,1,2,1,1
748,2045,758,1,1,1,1
749,1713,759,1,1,1,1
750,63584,760,3,5,1,1
751,2987,761,1,1,1,1
752,8444,762,1,1,1,1
753,20441,763,3,3,1,1
754,48914,764,3,4,1,1
755,619,765,1,1,1,1
756,39166,766,3,4,1,1
757,34648,767,3,4,1,1
758,15914,768,3,3,1,1
759,11915,769,3,3,1,1
760,10028,770,3,2,1,1
761,2100,771,1,1,1,1
762,5472,772,1,1,1,1
763,51769,773,3,4,1,1
764,73622,774,3,5,1,1
765,31266,775,3,3,1,1
766,1110,776,1,1,1,1
767,18615,777,3,3,1,1
768,14313,778,3,3,1,1
769,43589,779,3,4,1,1
770,811,780,1,1,1,1
771,6606,781,1,2,1,1
772,11406,782,0,1,1,1
773,22918,783,3,3,1,1
774,40939,784,3,4,1,1
775,3546,785,1,1,1,1
776,8436,786,3,2,1,1
777,2750,787,1,1,1,1
778,500,788,1,1,1,1
779,5625,789,1,1,1,1
780,65972,790,3,5,1,1
781,69780,791,3,5,1,1
782,2910,792,1,1,1,1
783,2375,793,1,1,1,1
784,13041,794,1,3,1,1
785,6919,795,1,2,1,1
786,1750,796,1,1,1,1
787,22148,797,3,3,1,1
788,20645,798,3,3,1,1
789,14149,799,3,3,1,1
790,4000,800,1,1,1,1
791,47498,801,3,4,1,1
792,48521,802,3,4,1,1
793,36093,803,3,4,1,1
794,5095,804,2,1,2,1
795,6000,805,1,1,1,1
796,40367,806,3,4,1,1
797,29264,807,3,4,1,1
798,78967,808,3,5,1,1
799,0,809,1,1,1,1
800,59650,810,3,4,1,1
801,100,811,1,1,1,1
802,370,812,1,1,1,1
803,11756,813,3,3,1,1
804,0,814,1,1,1,1
805,11433,815,3,3,1,1
806,65077,816,3,4,1,1
807,34257,817,3,4,1,1
808,20730,818,1,3,1,1
809,475,819,1,1,1,1
810,2455,820,1,1,1,1
811,19077,821,3,3,1,1
812,53108,822,3,5,1,1
813,42774,823,3,4,1,1
814,58814,824,3,5,1,1
815,20442,825,1,2,1,1
816,0,826,1,1,1,1
817,1000,827,1,1,1,1
818,52263,828,3,4,1,1
819,7158,829,1,1,1,1
820,5950,830,0,1,1,1
821,4225,831,1,1,1,1
822,8500,832,1,1,1,1
823,62133,833,3,5,1,1
824,0,834,1,1,1,1
825,16504,835,1,3,1,1
826,13500,836,1,1,1,1
827,0,837,1,1,1,1
828,37251,838,3,4,1,1
829,11229,839,3,3,1,1
830,21221,840,3,3,1,1
831,31726,841,3,4,1,1
832,64186,842,3,5,1,1
833,3150,843,0,1,1,1
834,24660,844,3,3,1,1
835,71171,845,3,5,1,1
836,36024,846,3,4,1,1
837,31503,847,3,4,1,1
838,250,848,1,1,1,1
839,22463,850,0,3,1,1
840,33200,851,3,4,1,1
841,60000,852,3,5,1,1
842,23703,853,3,3,1,1
843,1390,854,1,1,1,1
844,43512,855,3,4,1,1
845,750,856,1,1,1,1
846,7944,857,1,2,1,1
847,64748,858,3,5,1,1
848,0,859,1,1,1,1
849,33447,860,3,4,1,1
850,107308,861,4,4,1,5
851,32635,862,0,3,1,1
852,1404,863,1,1,1,1
853,12060,864,1,3,1,1
854,40997,865,3,4,1,1
855,33187,866,3,4,1,1
856,2550,867,1,1,1,1
857,2125,868,1,1,1,1
858,74399,869,3,5,1,1
859,20257,870,3,3,1,1
860,27846,871,0,2,1,1
861,16715,872,3,3,1,1
862,4500,873,1,1,1,1
863,270,874,1,1,1,1
864,61634,875,3,4,1,1
865,34652,876,3,4,1,1
866,8528,877,1,2,1,1
867,8156,878,1,2,1,1
868,5132,879,0,1,1,1
869,9000,880,1,1,1,1
870,21568,881,3,3,1,1
871,17059,882,3,3,1,1
872,8384,883,3,2,1,1
873,4850,884,1,1,1,1
874,2750,885,1,1,1,1
875,14000,886,1,1,1,1
876,0,887,1,1,1,1
877,40806,888,3,3,1,1
878,6494,889,1,2,1,1
879,3193,890,1,1,1,1
880,63866,891,3,5,1,1
881,21078,892,3,3,1,1
882,0,893,1,1,1,1
883,29156,894,3,4,1,1
884,40232,895,3,4,1,1
885,19947,896,3,3,1,1
886,2631,897,1,1,1,1
887,26724,898,3,4,1,1
888,0,899,1,1,1,1
889,6500,900,1,1,1,1
890,15040,901,3,2,1,1
891,85844,902,3,5,1,1
892,2500,903,1,1,1,1
893,37419,904,3,4,1,1
894,65,905,1,1,1,1
895,2131,906,1,1,1,1
896,11650,907,0,1,1,1
897,4030,908,1,1,1,1
898,0,909,1,1,1,1
899,8867,910,1,2,1,1
900,62510,911,3,5,1,1
901,21382,912,0,5,1,1
902,3000,913,1,1,1,1
903,9406,914,1,2,1,1
904,112171,915,4,2,1,5
905,147787,916,3,5,1,1
906,3500,917,1,1,1,1
907,980,918,1,1,1,1
908,0,919,1,1,1,1
909,50533,920,3,4,1,1
910,100,921,1,1,1,1
911,44591,922,3,4,1,1
912,140,923,1,1,1,1
913,1650,924,1,1,1,1
914,9022,925,0,1,1,1
915,0,926,1,1,1,1
916,0,927,1,1,1,1
917,76256,928,3,5,1,1
918,5000,929,1,1,1,1
919,40233,930,3,4,1,1
920,0,931,1,1,1,1
921,2125,932,1,1,1,1
922,105913,933,3,5,1,1
923,11385,934,3,3,1,1
924,3200,935,1,1,1,1
925,500,936,1,1,1,1
926,9347,937,3,2,1,1
927,437,938,1,1,1,1
928,6000,939,1,1,1,1
929,2625,940,1,1,1,1
930,61599,941,3,5,1,1
931,2375,942,1,1,1,1
932,64360,943,3,5,1,1
933,10930,944,1,3,1,1
934,28202,945,3,4,1,1
935,74067,946,3,5,1,1
936,30116,947,3,3,1,1
937,27545,948,3,4,1,1
938,13617,949,3,3,1,1
939,23992,950,3,3,1,1
940,21107,951,2,1,3,1
941,894,952,1,1,1,1
942,21920,953,3,3,1,1
943,7552,954,1,1,1,1
944,14002,955,1,3,1,1
945,150,956,1,1,1,1
946,21881,957,3,3,1,1
947,91660,958,3,5,1,1
948,16688,959,3,3,1,1
949,3291,960,1,1,1,1
950,6498,961,1,2,1,1
951,2833,962,1,1,1,1
952,7197,963,1,2,1,1
953,24943,964,3,3,1,1
954,48963,965,3,3,1,1
955,68320,966,3,5,1,1
956,1945,967,1,1,1,1
957,0,968,1,1,1,1
958,15732,969,0,4,1,1
959,21426,970,3,3,1,1
960,0,971,1,1,1,1
961,0,972,1,1,1,1
962,41586,973,3,4,1,1
963,53521,974,3,5,1,1
964,19649,975,3,3,1,1
965,4300,976,1,1,1,1
966,44130,977,0,4,1,1
967,0,978,1,1,1,1
968,2946,979,1,1,1,1
969,30451,980,3,4,1,1
970,2850,981,1,1,1,1
971,16239,982,3,3,1,1
972,75540,983,3,5,1,1
973,6957,984,1,2,1,1
974,769,985,1,1,1,1
975,35166,986,3,3,1,1
976,7826,987,0,1,1,1
977,64937,988,3,5,1,1
978,15107,989,1,3,1,1
979,41854,990,3,4,1,1
980,21065,991,3,3,1,1
981,6893,992,1,1,1,1
982,2815,993,1,1,1,1
983,16197,994,3,3,1,1
984,61971,995,3,5,1,1
985,0,996,1,1,1,1
986,3128,997,1,1,1,1
987,19173,998,3,3,1,1
988,17424,999,3,3,1,1
989,15774,1000,3,3,1,1
990,0,1001,1,1,1,1
991,7171,1002,3,1,1,1
992,32334,1003,3,4,1,1
993,59012,1004,3,5,1,1
994,2074,1005,1,1,1,1
995,23503,1006,3,3,1,1
996,0,1007,1,1,1,1
997,62107,1008,3,5,1,1
998,54818,1009,3,4,1,1
999,50120,1010,3,5,1,1
1000,63060,1011,3,5,1,1
1001,22206,1012,3,3,1,1
1002,0,1013,1,1,1,1
1003,31471,1014,3,4,1,1
1004,16293,1015,3,2,1,1
1005,9982,1016,1,2,1,1
1006,0,1017,1,1,1,1
1007,2900,1018,1,1,1,1
1008,7973,1019,1,2,1,1
1009,43825,1020,3,4,1,1
1010,24415,1021,1,1,1,1
1011,0,1022,1,1,1,1
1012,441,1023,1,1,1,1
1013,500,1024,1,1,1,1
1014,12100,1025,0,1,1,1
1015,5359,1026,1,1,1,1
1016,2620,1027,1,1,1,1
1017,32115,1028,3,3,1,1
1018,15103,1029,3,3,1,1
1019,3225,1030,1,1,1,1
1020,26695,1031,3,3,1,1
1021,3750,1032,1,1,1,1
1022,26706,1033,3,2,1,1
1023,200,1034,1,1,1,1
1024,3084,1035,1,1,1,1
1025,11786,1036,1,1,1,1
1026,5345,1037,1,1,1,1
1027,0,1038,1,1,1,1
1028,17385,1039,1,3,1,1
1029,16907,1040,1,3,1,1
1030,1100,1041,1,1,1,1
1031,11821,1042,1,3,1,1
1032,37541,1043,0,4,1,1
1033,27799,1044,3,3,1,1
1034,2280,1045,1,1,1,1
1035,10232,1046,1,2,1,1
1036,73881,1047,4,4,1,3
1037,34448,1048,3,4,1,1
1038,81,1049,1,1,1,1
1039,11140,1050,3,2,1,1
1040,1600,1051,1,1,1,1
1041,6172,1052,1,1,1,1
1042,68013,1053,3,5,1,1
1043,11323,1054,3,3,1,1
1044,33050,1055,1,1,1,1
1045,3100,1056,1,1,1,1
1046,18124,1057,3,3,1,1
1047,68663,1058,3,5,1,1
1048,31745,1059,3,4,1,1
1049,51202,1060,3,4,1,1
1050,475,1061,1,1,1,1
1051,12282,1062,1,2,1,1
1052,38635,1063,3,4,1,1
1053,71312,1064,3,5,1,1
1054,14507,1065,1,3,1,1
1055,56792,1066,3,5,1,1
1056,69262,1067,3,5,1,1
1057,16106,1068,3,3,1,1
1058,79216,1069,3,5,1,1
1059,8042,1070,1,1,1,1
1060,2850,1071,1,1,1,1
1061,14189,1072,0,1,1,1
1062,7761,1073,1,2,1,1
1063,3250,1074,1,1,1,1
1064,77694,1075,0,5,1,1
1065,24091,1076,3,3,1,1
1066,26650,1077,1,1,1,1
1067,26366,1078,3,4,1,1
1068,33801,1079,3,4,1,1
1069,19318,1080,1,3,1,1
1070,27754,1081,3,4,1,1
1071,19931,1082,3,3,1,1
1072,500,1083,1,1,1,1
1073,13667,1084,1,3,1,1
1074,8956,1085,1,2,1,1
1075,433,1086,1,1,1,1
1076,70454,1087,3,5,1,1
1077,0,1088,1,1,1,1
1078,6264,1089,1,1,1,1
1079,14000,1090,1,1,1,1
1080,10000,1092,1,1,1,1
1081,2500,1093,1,1,1,1
1082,2000,1094,1,1,1,1
1083,2875,1095,1,1,1,1
1084,6027,1096,3,2,1,1
1085,48708,1097,3,4,1,1
1086,7539,1098,1,2,1,1
1087,22956,1099,3,3,1,1
1088,8000,1100,1,1,1,1
1089,1500,1101,1,1,1,1
1090,5265,1102,1,1,1,1
1091,1250,1103,1,1,1,1
1092,0,1104,1,1,1,1
1093,39561,1105,3,4,1,1
1094,1250,1106,1,1,1,1
1095,8144,1107,1,1,1,1
1096,6115,1108,1,2,1,1
1097,27320,1109,1,2,1,1
1098,519,1110,1,1,1,1
1099,60978,1111,3,4,1,1
1100,0,1112,1,1,1,1
1101,10771,1113,1,3,1,1
1102,140573,1114,3,5,1,1
1103,95918,1115,3,5,1,1
1104,12656,1116,1,3,1,1
1105,44932,1117,3,4,1,1
1106,66150,1118,3,5,1,1
1107,3430,1119,1,1,1,1
1108,31347,1120,3,2,1,1
1109,10192,1121,1,2,1,1
1110,51296,1122,3,4,1,1
1111,136704,1123,3,5,1,1
1112,32355,1124,3,4,1,1
1113,90605,1125,3,5,1,1
1114,14218,1126,1,2,1,1
1115,24215,1127,3,1,1,1
1116,17740,1128,1,3,1,1
1117,15906,1129,3,3,1,1
1118,0,1130,1,1,1,1
1119,40279,1131,3,4,1,1
1120,1000,1132,1,1,1,1
1121,14506,1133,1,3,1,1
1122,8209,1134,0,1,1,1
1123,58335,1135,3,5,1,1
1124,105449,1136,3,5,1,1
1125,32105,1137,3,4,1,1
1126,18202,1138,3,2,1,1
1127,8625,1139,1,2,1,1
1128,30775,1140,3,3,1,1
1129,1375,1141,1,1,1,1
1130,37535,1142,3,4,1,1
1131,14500,1143,1,1,1,1
1132,500,1144,1,1,1,1
1133,8199,1145,1,2,1,1
1134,64968,1146,3,4,1,1
1135,14775,1147,3,3,1,1
1136,12533,1148,1,2,1,1
1137,1770,1149,1,1,1,1
1138,49052,1150,3,4,1,1
1139,4066,1151,1,1,1,1
1140,72129,1152,3,5,1,1
1141,20809,1153,3,3,1,1
1142,0,1154,1,1,1,1
1143,22506,1155,3,3,1,1
1144,28964,1156,1,1,1,1
1145,8500,1157,1,1,1,1
1146,7225,1158,1,1,1,1
1147,15062,1159,1,1,1,1
1148,17303,1160,3,1,1,1
1149,6894,1161,2,1,2,1
1150,17950,1162,0,1,1,1
1151,1625,1163,1,1,1,1
1152,1000,1164,1,1,1,1
1153,17494,1165,1,3,1,1
1154,64754,1166,3,5,1,1
1155,25891,1167,3,3,1,1
1156,5032,1168,1,1,1,1
1157,12744,1169,3,3,1,1
1158,63706,1170,3,5,1,1
1159,0,1171,1,1,1,1
1160,17235,1172,3,3,1,1
1161,0,1173,1,1,1,1
1162,22914,1174,1,3,1,1
1163,77333,1175,3,5,1,1
1164,11712,1176,3,2,1,1
1165,14766,1177,1,3,1,1
1166,4231,1178,1,1,1,1
1167,1625,1179,1,1,1,1
1168,38127,1180,3,4,1,1
1169,29271,1181,3,4,1,1
1170,9302,1182,1,2,1,1
1171,21873,1183,3,3,1,1
1172,18120,1184,3,3,1,1
1173,15891,1185,3,3,1,1
1174,15392,1186,3,3,1,1
1175,14506,1187,1,3,1,1
1176,13175,1188,3,3,1,1
1177,12717,1189,3,3,1,1
1178,28959,1190,3,4,1,1
1179,26996,1191,1,1,1,1
1180,375,1192,1,1,1,1
1181,57011,1193,3,5,1,1
1182,2850,1194,1,1,1,1
1183,17910,1195,1,3,1,1
1184,6000,1196,1,1,1,1
1185,23960,1197,3,3,1,1
1186,38243,1198,3,4,1,1
1187,12450,1199,0,1,1,1
1188,18372,1200,3,1,1,1
1189,0,1201,1,1,1,1
1190,5565,1202,1,1,1,1
1191,2935,1203,1,1,1,1
1192,827,1204,1,1,1,1
1193,35841,1205,3,4,1,1
1194,0,1206,1,1,1,1
1195,1500,1207,1,1,1,1
1196,1800,1208,1,1,1,1
1197,3250,1209,1,1,1,1
1198,0,1210,1,1,1,1
1199,0,1211,1,1,1,1
1200,3147,1213,1,1,1,1
1201,2000,1214,1,1,1,1
1202,0,1215,1,1,1,1
1203,4296,1216,1,1,1,1
1204,1875,1217,1,1,1,1
1205,1250,1218,1,1,1,1
1206,15300,1219,0,1,1,1
1207,900,1220,1,1,1,1
1208,39098,1221,3,4,1,1
1209,3600,1222,1,1,1,1
1210,38180,1223,3,4,1,1
1211,12504,1224,3,3,1,1
1212,0,1225,1,1,1,1
1213,19669,1226,3,3,1,1
1214,1250,1227,1,1,1,1
1215,40945,1228,3,4,1,1
1216,11981,1229,3,3,1,1
1217,2550,1230,1,1,1,1
1218,0,1231,1,1,1,1
1219,28904,1232,3,1,1,1
1220,9850,1233,0,1,1,1
1221,52449,1234,3,4,1,1
1222,7819,1235,1,1,1,1
1223,13690,1236,3,3,1,1
1224,101110,1237,3,5,1,1
1225,11160,1238,3,2,1,1
1226,101685,1239,3,5,1,1
1227,15835,1240,3,3,1,1
1228,0,1241,1,1,1,1
1229,1600,1242,1,1,1,1
1230,3676,1243,1,1,1,1
1231,0,1244,1,1,1,1
1232,5321,1245,1,2,1,1
1233,16950,1246,1,1,1,1
1234,6155,1247,1,1,1,1
1235,1250,1248,1,1,1,1
1236,6950,1249,0,1,1,1
1237,1350,1250,1,1,1,1
1238,5000,1251,1,1,1,1
1239,0,1252,1,1,1,1
1240,14150,1253,1,1,1,1
1241,13495,1254,1,3,1,1
1242,5577,1255,1,2,1,1
1243,0,1256,1,1,1,1
1244,98717,1257,4,4,1,4
1245,30652,1258,3,3,1,1
1246,2150,1259,1,1,1,1
1247,12538,1260,3,3,1,1
1248,10522,1261,1,2,1,1
1249,11761,1262,3,2,1,1
1250,35226,1263,3,4,1,1
1251,300,1264,1,1,1,1
1252,14559,1265,3,2,1,1
1253,13844,1266,1,3,1,1
1254,17045,1267,3,3,1,1
1255,0,1268,1,1,1,1
1256,25261,1269,3,1,1,1
1257,50,1270,1,1,1,1
1258,53602,1271,3,5,1,1
1259,25153,1272,1,3,1,1
1260,22581,1273,3,3,1,1
1261,5700,1274,1,1,1,1
1262,8425,1275,0,1,1,1
1263,1,1276,1,1,1,1
1264,3105,1277,1,1,1,1
1265,2402,1278,1,1,1,1
1266,40825,1279,3,4,1,1
1267,4500,1280,1,1,1,1
1268,46808,1281,3,4,1,1
1269,62774,1282,3,5,1,1
1270,10819,1283,2,1,3,1
1271,2000,1284,1,1,1,1
1272,1329,1285,1,1,1,1
1273,53468,1286,3,5,1,1
1274,5500,1287,1,1,1,1
1275,4066,1288,1,1,1,1
1276,0,1289,1,1,1,1
1277,24100,1290,1,1,1,1
1278,162,1291,1,1,1,1
1279,8598,1292,1,2,1,1
1280,1375,1293,1,1,1,1
1281,49100,1294,3,4,1,1
1282,32117,1295,3,4,1,1
1283,45824,1296,3,4,1,1
1284,1500,1297,1,1,1,1
1285,63335,1298,3,5,1,1
1286,5140,1299,1,1,1,1
1287,5561,1300,1,2,1,1
1288,56381,1301,3,5,1,1
1289,10250,1302,1,1,1,1
1290,200,1303,1,1,1,1
1291,1000,1304,1,1,1,1
1292,8600,1305,1,1,1,1
1293,67795,1306,3,5,1,1
1294,2250,1307,1,1,1,1
1295,45629,1308,3,4,1,1
1296,0,1309,1,1,1,1
1297,2601,1310,1,1,1,1
1298,9500,1311,0,1,1,1
1299,4374,1312,1,1,1,1
1300,43993,1313,4,3,1,4
1301,0,1314,1,1,1,1
1302,3350,1315,0,1,1,1
1303,5740,1316,1,2,1,1
1304,8500,1317,1,1,1,1
1305,4788,1318,1,1,1,1
1306,58314,1319,3,5,1,1
1307,6785,1320,1,2,1,1
1308,1135,1321,1,1,1,1
1309,0,1322,1,1,1,1
1310,39276,1323,3,4,1,1
1311,3125,1324,1,1,1,1
1312,0,1325,1,1,1,1
1313,26916,1326,3,4,1,1
1314,72965,1327,0,5,1,1
1315,30347,1328,3,4,1,1
1316,20630,1329,1,2,1,1
1317,24630,1330,3,3,1,1
1318,0,1331,1,1,1,1
1319,11268,1332,1,1,1,1
1320,19408,1333,1,3,1,1
1321,77045,1334,3,5,1,1
1322,3750,1335,1,1,1,1
1323,0,1336,1,1,1,1
1324,200,1337,1,1,1,1
1325,49068,1338,3,4,1,1
1326,6558,1339,1,2,1,1
1327,44133,1340,3,4,1,1
1328,2710,1341,1,1,1,1
1329,9192,1342,1,2,1,1
1330,4125,1343,1,1,1,1
1331,99,1344,1,1,1,1
1332,200,1345,1,1,1,1
1333,0,1346,1,1,1,1
1334,0,1347,1,1,1,1
1335,5667,1348,1,1,1,1
1336,3254,1349,1,1,1,1
1337,44298,1350,3,4,1,1
1338,2350,1351,1,1,1,1
1339,20487,1352,3,3,1,1
1340,625,1353,1,1,1,1
1341,12930,1354,3,3,1,1
1342,4752,1355,1,1,1,1
1343,5190,1356,1,1,1,1
1344,21809,1357,3,3,1,1
1345,2200,1358,1,1,1,1
1346,2275,1359,1,1,1,1
1347,24687,1360,3,2,1,1
1348,5720,1361,1,1,1,1
1349,12616,1362,1,3,1,1
1350,750,1363,1,1,1,1
1351,16951,1364,3,3,1,1
1352,33378,1365,3,4,1,1
1353,52278,1366,3,5,1,1
1354,24612,1367,1,2,1,1
1355,10004,1368,1,2,1,1
1356,14712,1369,1,2,1,1
1357,3691,1370,1,1,1,1
1358,35574,1371,3,4,1,1
1359,0,1372,1,1,1,1
1360,0,1373,1,1,1,1
1361,1000,1374,1,1,1,1
1362,23288,1375,3,3,1,1
1363,200,1376,1,1,1,1
1364,98535,1377,3,5,1,1
1365,8940,1378,1,2,1,1
1366,490,1379,1,1,1,1
1367,2500,1380,1,1,1,1
1368,0,1381,1,1,1,1
1369,1100,1382,1,1,1,1
1370,10811,1383,3,3,1,1
1371,0,1384,1,1,1,1
1372,31769,1385,3,4,1,1
1373,2661,1386,1,1,1,1
1374,1550,1387,1,1,1,1
1375,0,1388,1,1,1,1
1376,17587,1389,1,1,1,1
1377,0,1390,1,1,1,1
1378,48193,1392,3,4,1,1
1379,62042,1393,3,5,1,1
1380,20108,1394,3,3,1,1
1381,2570,1395,1,1,1,1
1382,45406,1396,3,4,1,1
1383,7748,1397,2,1,2,1
1384,82255,1398,3,5,1,1
1385,50752,1399,3,4,1,1
1386,17100,1400,1,1,1,1
1387,850,1401,1,1,1,1
1388,5644,1402,3,2,1,1
1389,12755,1403,2,1,2,1
1390,475,1404,1,1,1,1
1391,4625,1405,1,1,1,1
1392,2750,1406,1,1,1,1
1393,100,1407,1,1,1,1
1394,56754,1408,3,5,1,1
1395,23831,1409,3,3,1,1
1396,1100,1410,1,1,1,1
1397,61926,1411,3,5,1,1
1398,0,1412,1,1,1,1
1399,11474,1413,1,3,1,1
1400,15184,1414,1,3,1,1
1401,31975,1415,3,4,1,1
1402,5398,1416,1,1,1,1
1403,5040,1417,1,1,1,1
1404,3300,1418,0,1,1,1
1405,40763,1419,3,4,1,1
1406,36028,1420,3,4,1,1
1407,22206,1421,3,4,1,1
1408,11312,1422,1,3,1,1
1409,0,1423,1,1,1,1
1410,2299,1424,1,1,1,1
1411,77923,1425,3,5,1,1
1412,1647,1426,1,1,1,1
1413,37056,1427,3,4,1,1
1414,62083,1428,3,5,1,1
1415,37173,1429,3,4,1,1
1416,2125,1430,1,1,1,1
1417,6962,1431,1,1,1,1
1418,29188,1432,3,4,1,1
1419,37451,1433,3,4,1,1
1420,37257,1434,3,4,1,1
1421,0,1435,1,1,1,1
1422,92740,1436,3,5,1,1
1423,100,1437,1,1,1,1
1424,14857,1438,1,3,1,1
1425,48670,1439,3,4,1,1
1426,5304,1440,1,1,1,1
1427,15518,1441,1,3,1,1
1428,3600,1442,0,1,1,1
1429,33765,1443,3,4,1,1
1430,44238,1444,3,4,1,1
1431,333,1445,1,1,1,1
1432,1840,1446,1,1,1,1
1433,6250,1447,0,1,1,1
1434,4375,1448,1,1,1,1
1435,450,1449,1,1,1,1
1436,66546,1450,3,5,1,1
1437,4000,1451,1,1,1,1
1438,39163,1452,3,4,1,1
1439,3544,1453,1,1,1,1
1440,1500,1454,1,1,1,1
1441,59645,1455,3,5,1,1
1442,3450,1456,1,1,1,1
1443,2100,1457,1,1,1,1
1444,300,1458,1,1,1,1
1445,11098,1459,1,3,1,1
1446,7251,1460,0,1,1,1
1447,0,1461,1,1,1,1
1448,5835,1462,1,2,1,1
1449,12948,1463,3,3,1,1
1450,51240,1464,3,5,1,1
1451,7206,1465,1,2,1,1
1452,42469,1466,3,4,1,1
1453,37122,1467,3,4,1,1
1454,125,1468,1,1,1,1
1455,33912,1469,3,4,1,1
1456,13060,1470,1,3,1,1
1457,9058,1471,1,2,1,1
1458,10007,1472,1,2,1,1
1459,12584,1473,0,1,1,1
1460,50,1474,1,1,1,1
1461,63679,1475,3,5,1,1
1462,65264,1476,3,5,1,1
1463,47089,1477,3,4,1,1
1464,0,1478,1,1,1,1
1465,380,1479,1,1,1,1
1466,2600,1480,1,1,1,1
1467,11422,1481,1,1,1,1
1468,0,1482,1,1,1,1
1469,10334,1483,1,2,1,1
1470,33923,1484,3,4,1,1
1471,43298,1485,3,4,1,1
1472,0,1486,1,1,1,1
1473,21704,1488,3,3,1,1
1474,0,1489,1,1,1,1
1475,5780,1490,1,1,1,1
1476,27500,1491,0,1,1,1
1477,53804,1492,3,5,1,1
1478,4000,1493,1,1,1,1
1479,56204,1494,3,5,1,1
1480,0,1495,1,1,1,1
1481,45312,1496,3,4,1,1
1482,2375,1497,1,1,1,1
1483,44146,1498,3,4,1,1
1484,4100,1499,1,1,1,1
1485,2520,1500,1,1,1,1
1486,63372,1501,3,5,1,1
1487,0,1502,1,1,1,1
1488,63385,1503,3,4,1,1
1489,8370,1504,0,1,1,1
1490,15214,1505,1,1,1,1
1491,1113,1506,1,1,1,1
1492,1750,1507,1,1,1,1
1493,1586,1508,1,1,1,1
1494,17872,1509,3,3,1,1
1495,569,1510,1,1,1,1
1496,71013,1511,3,5,1,1
1497,950,1512,1,1,1,1
1498,10000,1513,1,1,1,1
1499,2045,1514,1,1,1,1
1500,9275,1515,3,1,1,1
1501,34997,1516,3,3,1,1
1502,1625,1517,1,1,1,1
1503,51765,1518,3,4,1,1
1504,18781,1519,1,1,1,1
1505,27471,1520,3,3,1,1
1506,9889,1521,1,2,1,1
1507,2193,1522,1,1,1,1
1508,1170,1523,1,1,1,1
1509,4375,1524,1,1,1,1
1510,2250,1525,1,1,1,1
1511,0,1526,1,1,1,1
1512,600,1527,1,1,1,1
1513,11564,1528,1,1,1,1
1514,17139,1529,1,3,1,1
1515,540,1530,1,1,1,1
1516,4475,1531,1,1,1,1
1517,8000,1532,1,1,1,1
1518,4000,1533,1,1,1,1
1519,32774,1534,3,4,1,1
1520,5942,1535,0,1,1,1
1521,16671,1536,3,3,1,1
1522,0,1537,1,1,1,1
1523,23592,1538,3,3,1,1
1524,25394,1539,3,3,1,1
1525,55874,1540,3,5,1,1
1526,33949,1541,3,4,1,1
1527,7308,1542,2,1,2,1
1528,4550,1543,1,1,1,1
1529,62650,1544,0,1,1,1
1530,4309,1545,1,1,1,1
1531,4826,1546,1,1,1,1
1532,0,1547,1,1,1,1
1533,25369,1548,3,3,1,1
1534,27166,1549,3,4,1,1
1535,6500,1550,1,1,1,1
1536,35282,1551,3,4,1,1
1537,2125,1552,1,1,1,1
1538,15510,1553,3,3,1,1
1539,68136,1554,3,5,1,1
1540,0,1555,1,1,1,1
1541,9048,1556,2,1,2,1
1542,60922,1557,3,5,1,1
1543,6750,1558,1,1,1,1
1544,0,1559,1,1,1,1
1545,20443,1560,0,3,1,1
1546,71867,1561,3,5,1,1
1547,52013,1562,0,4,1,1
1548,104,1563,1,1,1,1
1549,10369,1564,1,2,1,1
1550,28340,1565,3,4,1,1
1551,3174,1566,1,1,1,1
1552,3658,1567,1,1,1,1
1553,1164,1568,1,1,1,1
1554,965,1569,1,1,1,1
1555,16331,1570,1,3,1,1
1556,8500,1571,1,1,1,1
1557,23492,1572,3,3,1,1
1558,648,1573,1,1,1,1
1559,13018,1574,1,3,1,1
1560,7160,1575,1,2,1,1
1561,0,1576,1,1,1,1
1562,0,1577,1,1,1,1
1563,1700,1578,1,1,1,1
1564,0,1579,1,1,1,1
1565,675,1580,1,1,1,1
1566,20533,1581,1,3,1,1
1567,13000,1582,1,1,1,1
1568,2750,1583,1,1,1,1
1569,78864,1584,3,5,1,1
1570,0,1585,1,1,1,1
1571,1058,1586,1,1,1,1
1572,20839,1587,3,3,1,1
1573,14063,1588,3,3,1,1
1574,6164,1589,1,1,1,1
1575,7742,1590,1,2,1,1
1576,3000,1591,1,1,1,1
1577,6000,1592,1,1,1,1
1578,1273,1593,1,1,1,1
1579,1958,1594,1,1,1,1
1580,0,1595,1,1,1,1
1581,4039,1596,1,1,1,1
1582,255,1597,1,1,1,1
1583,26633,1598,3,3,1,1
1584,16237,1599,3,3,1,1
1585,6139,1600,1,2,1,1
1586,1195,1601,1,1,1,1
1587,1113,1602,1,1,1,1
1588,12500,1603,1,1,1,1
1589,34770,1604,3,4,1,1
1590,4652,1605,1,1,1,1
1591,1500,1606,1,1,1,1
1592,20910,1607,3,3,1,1
1593,30988,1608,0,1,1,1
1594,969,1609,1,1,1,1
1595,5115,1610,0,1,1,1
1596,15500,1611,1,1,1,1
1597,49987,1612,3,4,1,1
1598,4044,1613,1,1,1,1
1599,32316,1614,3,2,1,1
1600,181,1615,1,1,1,1
1601,0,1616,1,1,1,1
1602,75509,1617,3,5,1,1
1603,0,1618,1,1,1,1
1604,7346,1619,1,2,1,1
1605,50888,1620,3,4,1,1
1606,500,1621,1,1,1,1
1607,1000,1622,1,1,1,1
1608,2375,1623,1,1,1,1
1609,6000,1624,1,1,1,1
1610,1000,1625,1,1,1,1
1611,3070,1626,1,1,1,1
1612,36476,1627,3,4,1,1
1613,47270,1628,3,4,1,1
1614,303,1629,1,1,1,1
1615,33237,1630,3,4,1,1
1616,25962,1631,3,3,1,1
1617,1188,1632,1,1,1,1
1618,102840,1633,3,5,1,1
1619,56890,1634,3,5,1,1
1620,11430,1635,0,1,1,1
1621,0,1636,1,1,1,1
1622,27200,1637,3,4,1,1
1623,10121,1638,0,1,1,1
1624,40533,1640,3,4,1,1
1625,22973,1641,1,2,1,1
1626,27148,1642,3,3,1,1
1627,5500,1643,1,1,1,1
1628,30299,1644,3,4,1,1
1629,12241,1645,1,3,1,1
1630,28325,1646,3,4,1,1
1631,2587,1647,1,1,1,1
1632,58745,1648,3,5,1,1
1633,120983,1649,3,5,1,1
1634,23718,1650,3,3,1,1
1635,17638,1651,3,3,1,1
1636,815,1652,1,1,1,1
1637,17490,1653,3,3,1,1
1638,0,1654,1,1,1,1
1639,68988,1655,3,4,1,1
1640,2737,1656,1,1,1,1
1641,48140,1657,3,4,1,1
1642,94161,1658,3,5,1,1
1643,20918,1659,1,3,1,1
1644,13635,1660,1,2,1,1
1645,35314,1661,3,4,1,1
1646,100,1662,1,1,1,1
1647,23572,1663,1,3,1,1
1648,4164,1664,1,1,1,1
1649,0,1665,1,1,1,1
1650,31961,1666,3,4,1,1
1651,45167,1667,3,4,1,1
1652,12900,1668,1,1,1,1
1653,24046,1669,3,3,1,1
1654,12678,1670,1,3,1,1
1655,13301,1671,3,3,1,1
1656,37889,1672,3,4,1,1
1657,51335,1673,3,5,1,1
1658,1766,1674,1,1,1,1
1659,10500,1675,1,1,1,1
1660,3450,1676,1,1,1,1
1661,1100,1677,1,1,1,1
1662,48932,1678,3,4,1,1
1663,28756,1679,3,4,1,1
1664,2750,1680,1,1,1,1
1665,0,1681,1,1,1,1
1666,55903,1682,3,4,1,1
1667,3103,1683,1,1,1,1
1668,3833,1684,1,1,1,1
1669,15942,1685,1,1,1,1
1670,130,1686,1,1,1,1
1671,78931,1687,3,5,1,1
1672,0,1688,1,1,1,1
1673,47848,1689,3,4,1,1
1674,31226,1690,3,4,1,1
1675,7720,1691,1,1,1,1
1676,11611,1692,0,1,1,1
1677,1950,1693,1,1,1,1
1678,4413,1694,1,1,1,1
1679,4400,1695,1,1,1,1
1680,119512,1696,3,5,1,1
1681,45113,1697,3,4,1,1
1682,4100,1698,1,1,1,1
1683,67836,1699,3,5,1,1
1684,500,1700,1,1,1,1
1685,19137,1701,1,1,1,1
1686,3175,1702,1,1,1,1
1687,52423,1703,3,4,1,1
1688,28723,1704,3,4,1,1
1689,23821,1705,3,3,1,1
1690,23871,1706,3,3,1,1
1691,59855,1707,3,5,1,1
1692,29318,1708,3,4,1,1
1693,3150,1709,1,1,1,1
1694,16070,1710,1,1,1,1
1695,9557,1711,1,1,1,1
1696,375,1712,1,1,1,1
1697,2875,1713,1,1,1,1
1698,10200,1714,1,1,1,1
1699,15720,1715,3,3,1,1
1700,8322,1716,1,2,1,1
1701,6772,1717,1,1,1,1
1702,29117,1718,3,4,1,1
1703,27415,1719,3,3,1,1
1704,7776,1720,1,2,1,1
1705,3794,1721,1,1,1,1
1706,17289,1722,3,3,1,1
1707,62973,1723,3,5,1,1
1708,2250,1724,1,1,1,1
1709,5175,1725,1,1,1,1
1710,66817,1726,3,5,1,1
1711,330,1727,1,1,1,1
1712,6875,1728,1,2,1,1
1713,0,1729,1,1,1,1
1714,11221,1730,1,2,1,1
1715,0,1731,1,1,1,1
1716,16874,1732,3,3,1,1
1717,43914,1733,3,4,1,1
1718,74990,1734,3,5,1,1
1719,616,1735,1,1,1,1
1720,0,1736,1,1,1,1
1721,52755,1737,3,4,1,1
1722,62023,1738,3,5,1,1
1723,40522,1739,3,4,1,1
1724,41377,1740,3,4,1,1
1725,63621,1741,3,5,1,1
1726,0,1742,1,1,1,1
1727,27889,1743,3,4,1,1
1728,25590,1744,0,3,1,1
1729,1202,1745,1,1,1,1
1730,26149,1746,3,4,1,1
1731,21958,1747,3,3,1,1
1732,31280,1748,1,1,1,1
1733,68947,1749,3,5,1,1
1734,660,1750,1,1,1,1
1735,60,1751,1,1,1,1
1736,35874,1752,3,4,1,1
1737,4600,1753,1,1,1,1
1738,27177,1754,3,4,1,1
1739,3402,1755,1,1,1,1
1740,70503,1756,3,5,1,1
1741,0,1757,1,1,1,1
1742,0,1758,1,1,1,1
1743,2000,1759,1,1,1,1
1744,31956,1760,3,4,1,1
1745,1162,1761,1,1,1,1
1746,26669,1762,3,4,1,1
1747,4635,1763,1,1,1,1
1748,1500,1764,1,1,1,1
1749,550,1765,1,1,1,1
1750,929,1766,1,1,1,1
1751,38612,1767,3,4,1,1
1752,21210,1768,1,1,1,1
1753,18507,1769,3,3,1,1
1754,1643,1770,1,1,1,1
1755,9959,1771,1,1,1,1
1756,9006,1772,1,2,1,1
1757,20844,1773,1,1,1,1
1758,1000,1774,1,1,1,1
1759,7232,1775,1,1,1,1
1760,11654,1776,3,3,1,1
1761,3667,1777,1,1,1,1
1762,1230,1778,1,1,1,1
1763,15505,1779,3,3,1,1
1764,2000,1780,1,1,1,1
1765,30480,1781,3,3,1,1
1766,33420,1782,3,4,1,1
1767,13577,1783,3,3,1,1
1768,14195,1784,1,3,1,1
1769,0,1785,1,1,1,1
1770,6505,1786,1,1,1,1
1771,16930,1787,3,3,1,1
1772,500,1788,1,1,1,1
1773,31631,1789,3,4,1,1
1774,20203,1790,3,3,1,1
1775,4200,1791,1,1,1,1
1776,2200,1792,1,1,1,1
1777,19198,1793,3,3,1,1
1778,220,1794,1,1,1,1
1779,14786,1795,1,3,1,1
1780,4798,1796,1,1,1,1
1781,34322,1797,3,4,1,1
1782,18012,1798,3,3,1,1
1783,40190,1799,3,4,1,1
1784,8845,1800,1,2,1,1
1785,0,1801,1,1,1,1
1786,66298,1802,3,5,1,1
1787,7927,1803,1,2,1,1
1788,2200,1804,1,1,1,1
1789,18449,1806,3,3,1,1
1790,15641,1807,1,3,1,1
1791,14568,1808,2,1,3,1
1792,1235,1809,1,1,1,1
1793,1625,1810,1,1,1,1
1794,803,1811,1,1,1,1
1795,6016,1812,1,2,1,1
1796,0,1813,1,1,1,1
1797,0,1814,1,1,1,1
1798,1282,1815,1,1,1,1
1799,12999,1816,3,3,1,1
1800,29652,1817,3,3,1,1
1801,30130,1818,3,4,1,1
1802,3206,1819,1,1,1,1
1803,25670,1820,3,3,1,1
1804,0,1821,1,1,1,1
1805,0,1822,1,1,1,1
1806,36165,1823,3,4,1,1
1807,8380,1824,1,1,1,1
1808,2750,1825,1,1,1,1
1809,3147,1826,1,1,1,1
1810,62571,1827,3,5,1,1
1811,1375,1828,1,1,1,1
1812,7000,1829,1,1,1,1
1813,4200,1830,1,1,1,1
1814,5500,1831,1,1,1,1
1815,22498,1832,3,3,1,1
1816,0,1833,1,1,1,1
1817,35532,1834,3,4,1,1
1818,2016,1835,1,1,1,1
1819,21242,1836,3,3,1,1
1820,6978,1837,1,1,1,1
1821,4500,1838,1,1,1,1
1822,18779,1839,1,1,1,1
1823,8183,1840,1,2,1,1
1824,10,1841,1,1,1,1
1825,0,1842,1,1,1,1
1826,0,1843,1,1,1,1
1827,1295,1844,1,1,1,1
1828,11379,1845,1,3,1,1
1829,2125,1846,1,1,1,1
1830,275,1847,1,1,1,1
1831,3664,1848,1,1,1,1
1832,1000,1849,1,1,1,1
1833,12059,1850,1,1,1,1
1834,46593,1851,3,4,1,1
1835,2912,1852,1,1,1,1
1836,14610,1853,1,3,1,1
1837,29219,1854,3,4,1,1
1838,36600,1855,3,4,1,1
1839,4836,1856,1,1,1,1
1840,146201,1857,3,5,1,1
1841,65073,1858,3,5,1,1
1842,29960,1859,3,4,1,1
1843,500,1860,1,1,1,1
1844,0,1861,1,1,1,1
1845,38591,1862,3,4,1,1
1846,67212,1863,0,4,1,1
1847,3993,1864,1,1,1,1
1848,60000,1865,3,5,1,1
1849,38814,1866,3,4,1,1
1850,95,1867,1,1,1,1
1851,31469,1868,3,4,1,1
1852,0,1869,1,1,1,1
1853,7514,1870,1,1,1,1
1854,17500,1871,1,1,1,1
1855,4500,1872,1,1,1,1
1856,380,1873,1,1,1,1
1857,0,1874,1,1,1,1
1858,12667,1875,3,3,1,1
1859,350,1876,1,1,1,1
1860,72345,1877,3,5,1,1
1861,14830,1878,3,3,1,1
1862,21489,1879,1,3,1,1
1863,24918,1880,3,3,1,1
1864,19554,1881,3,4,1,1
1865,0,1882,1,1,1,1
1866,3250,1883,1,1,1,1
1867,12082,1884,3,3,1,1
1868,4081,1885,0,1,1,1
1869,3375,1886,1,1,1,1
1870,12811,1887,1,3,1,1
1871,40585,1888,3,4,1,1
1872,57505,1889,3,5,1,1
1873,1600,1890,1,1,1,1
1874,41359,1891,3,4,1,1
1875,375,1892,1,1,1,1
1876,44771,1893,3,4,1,1
1877,111827,1894,3,5,1,1
1878,132263,1895,4,5,1,4
1879,0,1896,1,1,1,1
1880,3905,1897,1,1,1,1
1881,50602,1898,3,4,1,1
1882,4000,1899,1,1,1,1
1883,36033,1900,3,3,1,1
1884,1900,1901,1,1,1,1
1885,19175,1902,0,1,1,1
1886,4851,1903,1,1,1,1
1887,22713,1904,3,3,1,1
1888,8315,1905,1,2,1,1
1889,0,1906,1,1,1,1
1890,29409,1907,3,3,1,1
1891,0,1908,1,1,1,1
1892,21623,1909,1,1,1,1
1893,39211,1910,3,4,1,1
1894,49893,1911,3,4,1,1
1895,4288,1912,1,1,1,1
1896,589,1913,1,1,1,1
1897,292,1914,1,1,1,1
1898,0,1915,1,1,1,1
1899,67027,1916,3,5,1,1
1900,400,1917,1,1,1,1
1901,2160,1918,1,1,1,1
1902,710,1919,1,1,1,1
1903,500,1920,1,1,1,1
1904,6326,1921,1,1,1,1
1905,13363,1922,1,2,1,1
1906,0,1923,1,1,1,1
1907,20500,1924,3,3,1,1
1908,280,1925,1,1,1,1
1909,15081,1926,3,3,1,1
1910,39260,1927,3,4,1,1
1911,17900,1928,0,1,1,1
1912,1000,1929,1,1,1,1
1913,1250,1930,1,1,1,1
1914,12616,1931,1,3,1,1
1915,245,1932,1,1,1,1
1916,30273,1933,3,4,1,1
1917,105325,1934,4,5,1,3
1918,16314,1935,2,1,3,1
1919,31595,1936,3,4,1,1
1920,37299,1937,3,4,1,1
1921,5582,1938,1,1,1,1
1922,13467,1939,3,3,1,1
1923,43406,1940,3,4,1,1
1924,20715,1941,3,3,1,1
1925,1160,1942,1,1,1,1
1926,6510,1943,1,2,1,1
1927,1750,1944,1,1,1,1
1928,0,1945,1,1,1,1
1929,8142,1946,1,2,1,1
1930,61068,1947,0,5,1,1
1931,4950,1948,1,1,1,1
1932,13480,1949,1,3,1,1
1933,135,1950,1,1,1,1
1934,53412,1951,3,4,1,1
1935,0,1952,1,1,1,1
1936,27516,1953,3,4,1,1
1937,11304,1954,1,3,1,1
1938,923,1955,1,1,1,1
1939,82561,1956,3,5,1,1
1940,3207,1957,1,1,1,1
1941,29461,1958,3,4,1,1
1942,150010,1959,3,5,1,1
1943,38220,1960,3,4,1,1
1944,3318,1961,1,1,1,1
1945,1130,1962,1,1,1,1
1946,95598,1963,4,4,1,5
1947,2250,1964,1,1,1,1
1948,23780,1965,3,3,1,1
1949,26842,1966,3,4,1,1
1950,0,1967,1,1,1,1
1951,8041,1968,1,2,1,1
1952,1413,1969,1,1,1,1
1953,600,1970,1,1,1,1
1954,34019,1971,3,4,1,1
1955,17550,1972,3,3,1,1
1956,13287,1973,3,3,1,1
1957,9866,1974,1,2,1,1
1958,37625,1975,3,4,1,1
1959,7595,1976,1,2,1,1
1960,32709,1977,3,1,1,1
1961,8690,1978,1,1,1,1
1962,0,1979,1,1,1,1
1963,1250,1980,1,1,1,1
1964,0,1981,1,1,1,1
1965,0,1982,1,1,1,1
1966,8125,1983,3,1,1,1
1967,1210,1984,1,1,1,1
1968,3125,1985,1,1,1,1
1969,11289,1986,3,3,1,1
1970,4709,1987,1,1,1,1
1971,500,1988,1,1,1,1
1972,3500,1989,1,1,1,1
1973,0,1990,1,1,1,1
1974,100210,1991,3,5,1,1
1975,30546,1992,3,3,1,1
1976,11961,1993,2,1,2,1
1977,90181,1994,3,5,1,1
1978,2155,1995,1,1,1,1
1979,1134,1996,1,1,1,1
1980,5000,1997,1,1,1,1
1981,100,1998,1,1,1,1
1982,2500,1999,1,1,1,1
1983,7337,2000,1,1,1,1
1984,0,2001,1,1,1,1
1985,0,2002,1,1,1,1
1986,5890,2003,1,1,1,1
1987,34826,2004,0,4,1,1
1988,610,2005,1,1,1,1
1989,2682,2006,1,1,1,1
1990,6589,2007,1,1,1,1
1991,3271,2008,1,1,1,1
1992,28607,2009,3,4,1,1
1993,21957,2010,3,3,1,1
1994,1478,2011,1,1,1,1
1995,2750,2012,1,1,1,1
1996,12700,2013,1,1,1,1
1997,48874,2014,3,4,1,1
1998,0,2015,1,1,1,1
1999,97997,2016,3,5,1,1
2000,3588,2017,1,1,1,1
2001,26933,2018,3,3,1,1
2002,35847,2019,3,4,1,1
2003,19557,2020,3,3,1,1
2004,6000,2021,0,1,1,1
2005,1200,2022,1,1,1,1
2006,17898,2023,2,1,2,1
2007,0,2024,1,1,1,1
2008,1375,2025,1,1,1,1
2009,26465,2026,3,3,1,1
2010,15681,2027,1,3,1,1
2011,2275,2028,1,1,1,1
2012,60609,2029,3,5,1,1
2013,250,2030,1,1,1,1
2014,15000,2031,1,1,1,1
2015,80696,2032,0,4,1,1
2016,14402,2033,1,3,1,1
2017,5535,2034,1,2,1,1
2018,5653,2035,1,1,1,1
2019,38921,2036,3,4,1,1
2020,2750,2037,1,1,1,1
2021,43083,2038,3,4,1,1
2022,4000,2039,1,1,1,1
2023,16273,2040,1,3,1,1
2024,63444,2041,3,5,1,1
2025,17615,2042,3,3,1,1
2026,2000,2043,1,1,1,1
2027,1015,2044,1,1,1,1
2028,500,2045,1,1,1,1
2029,7052,2046,1,1,1,1
2030,6500,2047,1,1,1,1
2031,7230,2048,1,2,1,1
2032,1600,2049,1,1,1,1
2033,28686,2050,3,4,1,1
2034,0,2051,1,1,1,1
2035,3200,2052,1,1,1,1
2036,2250,2053,1,1,1,1
2037,41941,2054,3,4,1,1
2038,635,2055,1,1,1,1
2039,23364,2056,3,3,1,1
2040,2000,2057,1,1,1,1
2041,15148,2058,1,1,1,1
2042,0,2059,1,1,1,1
2043,15530,2060,1,1,1,1
2044,14344,2061,1,3,1,1
2045,821,2062,1,1,1,1
2046,38601,2063,3,4,1,1
2047,13504,2064,2,1,3,1
2048,13981,2065,1,3,1,1
2049,19191,2066,0,1,1,1
2050,0,2067,1,1,1,1
2051,29481,2068,3,4,1,1
2052,13871,2069,3,3,1,1
2053,647,2070,1,1,1,1
2054,590,2071,1,1,1,1
2055,4853,2072,1,1,1,1
2056,21022,2073,3,3,1,1
2057,9120,2074,1,2,1,1
2058,11408,2075,0,1,1,1
2059,23050,2076,1,1,1,1
2060,10085,2077,1,1,1,1
2061,30646,2078,3,4,1,1
2062,0,2079,1,1,1,1
2063,405,2080,1,1,1,1
2064,2010,2081,1,1,1,1
2065,7366,2082,1,2,1,1
2066,40256,2083,1,1,1,1
2067,8000,2084,1,1,1,1
2068,8738,2085,1,2,1,1
2069,69760,2086,3,4,1,1
2070,39680,2087,3,4,1,1
2071,0,2088,1,1,1,1
2072,28969,2089,3,4,1,1
2073,10736,2090,1,3,1,1
2074,34002,2091,3,4,1,1
2075,0,2092,1,1,1,1
2076,500,2093,1,1,1,1
2077,0,2094,1,1,1,1
2078,38118,2095,3,4,1,1
2079,0,2096,1,1,1,1
2080,8636,2097,1,2,1,1
2081,1000,2098,1,1,1,1
2082,3500,2099,1,1,1,1
2083,0,2100,1,1,1,1
2084,260,2101,1,1,1,1
2085,2500,2102,1,1,1,1
2086,300,2103,1,1,1,1
2087,87136,2104,3,5,1,1
2088,5971,2105,1,1,1,1
2089,3700,2106,1,1,1,1
2090,9574,2107,1,2,1,1
2091,0,2108,1,1,1,1
2092,46473,2109,3,4,1,1
2093,11050,2110,1,1,1,1
2094,14575,2111,3,3,1,1
2095,0,2112,1,1,1,1
2096,5427,2113,1,2,1,1
2097,16327,2114,3,3,1,1
2098,950,2115,1,1,1,1
2099,2125,2116,1,1,1,1
2100,24314,2117,1,3,1,1
2101,18479,2118,3,3,1,1
2102,2210,2119,1,1,1,1
2103,500,2120,1,1,1,1
2104,18436,2121,1,3,1,1
2105,63004,2122,3,5,1,1
2106,1000,2123,1,1,1,1
2107,6768,2124,1,1,1,1
2108,4653,2125,1,1,1,1
2109,6000,2126,1,1,1,1
2110,1500,2127,1,1,1,1
2111,16108,2128,1,1,1,1
2112,107645,2129,3,5,1,1
2113,9366,2130,1,1,1,1
2114,15147,2131,1,1,1,1
2115,4639,2132,1,1,1,1
2116,5675,2133,1,1,1,1
2117,0,2134,1,1,1,1
2118,6330,2135,1,1,1,1
2119,0,2136,1,1,1,1
2120,45,2137,1,1,1,1
2121,0,2138,1,1,1,1
2122,4600,2139,1,1,1,1
2123,30850,2140,3,4,1,1
2124,8817,2141,1,2,1,1
2125,50488,2142,3,4,1,1
2126,6100,2143,1,1,1,1
2127,2500,2144,1,1,1,1
2128,3500,2145,1,1,1,1
2129,0,2146,1,1,1,1
2130,15523,2147,3,2,1,1
2131,46771,2148,3,4,1,1
2132,13639,2149,3,3,1,1
2133,73933,2150,3,5,1,1
2134,269,2151,1,1,1,1
2135,10500,2152,1,1,1,1
2136,47286,2153,3,4,1,1
2137,48172,2154,3,4,1,1
2138,9690,2155,1,1,1,1
2139,15750,2156,1,2,1,1
2140,4150,2157,1,1,1,1
2141,0,2158,1,1,1,1
2142,0,2159,1,1,1,1
2143,1070,2160,1,1,1,1
2144,2495,2161,1,1,1,1
2145,29296,2162,3,4,1,1
2146,23628,2163,1,3,1,1
2147,38,2164,1,1,1,1
2148,18907,2165,1,3,1,1
2149,10500,2166,1,1,1,1
2150,9124,2167,1,2,1,1
2151,38490,2168,0,3,1,1
2152,500,2169,1,1,1,1
2153,6454,2170,0,1,1,1
2154,0,2171,1,1,1,1
2155,7048,2172,1,2,1,1
2156,1500,2173,1,1,1,1
2157,21845,2174,3,3,1,1
2158,500,2175,1,1,1,1
2159,870,2176,1,1,1,1
2160,7000,2177,1,1,1,1
2161,4700,2178,1,1,1,1
2162,35464,2179,3,4,1,1
2163,45582,2180,3,4,1,1
2164,3522,2181,1,1,1,1
2165,0,2182,1,1,1,1
2166,69669,2183,2,1,3,1
2167,5537,2184,1,2,1,1
2168,25039,2185,1,1,1,1
2169,19213,2186,3,3,1,1
2170,7703,2187,1,2,1,1
2171,8715,2188,1,2,1,1
2172,29968,2189,3,4,1,1
2173,57787,2190,3,5,1,1
2174,10012,2191,1,2,1,1
2175,20454,2192,3,2,1,1
2176,7550,2193,1,1,1,1
2177,28447,2194,3,4,1,1
2178,4125,2195,1,1,1,1
2179,7688,2196,0,1,1,1
2180,741,2197,1,1,1,1
2181,60503,2198,3,5,1,1
2182,4300,2199,1,1,1,1
2183,4500,2200,1,1,1,1
2184,7401,2201,1,2,1,1
2185,20458,2202,3,3,1,1
2186,44430,2203,3,4,1,1
2187,4149,2204,1,1,1,1
2188,18835,2205,3,3,1,1
2189,4320,2206,1,1,1,1
2190,23495,2207,1,2,1,1
2191,75,2208,1,1,1,1
2192,500,2209,1,1,1,1
2193,7624,2210,1,1,1,1
2194,19500,2211,1,1,1,1
2195,220,2212,1,1,1,1
2196,40455,2213,3,4,1,1
2197,2050,2214,1,1,1,1
2198,9042,2215,1,2,1,1
2199,41126,2216,3,4,1,1
2200,7684,2217,1,2,1,1
2201,39976,2218,3,4,1,1
2202,3379,2219,1,1,1,1
2203,5026,2220,1,1,1,1
2204,14961,2221,3,3,1,1
2205,23135,2222,1,3,1,1
2206,19000,2223,1,1,1,1
2207,511,2224,1,1,1,1
2208,0,2225,1,1,1,1
2209,1350,2227,1,1,1,1
2210,11026,2228,1,3,1,1
2211,9374,2229,1,2,1,1
2212,3337,2230,1,1,1,1
2213,2700,2231,1,1,1,1
2214,14125,2232,0,1,1,1
2215,0,2233,1,1,1,1
2216,454,2234,1,1,1,1
2217,19600,2235,0,1,1,1
2218,13650,2236,1,1,1,1
2219,1000,2237,1,1,1,1
2220,0,2238,1,1,1,1
2221,1069,2239,1,1,1,1
2222,16456,2240,3,3,1,1
2223,3376,2241,1,1,1,1
2224,265,2242,1,1,1,1
2225,4650,2243,0,1,1,1
2226,1443,2244,1,1,1,1
2227,897,2245,1,1,1,1
2228,1634,2246,1,1,1,1
2229,6245,2247,1,1,1,1
2230,29039,2248,3,4,1,1
2231,2060,2249,1,1,1,1
2232,5030,2250,1,1,1,1
2233,15267,2251,1,3,1,1
2234,0,2252,1,1,1,1
2235,0,2253,1,1,1,1
2236,0,2254,1,1,1,1
2237,65,2255,1,1,1,1
2238,0,2256,1,1,1,1
2239,250,2257,1,1,1,1
2240,860,2258,1,1,1,1
2241,6760,2259,1,2,1,1
2242,17547,2260,1,1,1,1
2243,36635,2261,3,4,1,1
2244,300,2262,1,1,1,1
2245,100,2263,1,1,1,1
2246,57060,2264,3,5,1,1
2247,14267,2265,1,3,1,1
2248,1102,2266,1,1,1,1
2249,12165,2267,1,3,1,1
2250,47224,2268,0,4,1,1
2251,68151,2269,4,3,1,4
2252,56685,2270,3,5,1,1
2253,1952,2271,1,1,1,1
2254,16862,2272,1,1,1,1
2255,0,2273,1,1,1,1
2256,1150,2274,1,1,1,1
2257,500,2275,1,1,1,1
2258,5943,2276,1,1,1,1
2259,6161,2277,1,1,1,1
2260,700,2278,1,1,1,1
2261,27937,2279,3,4,1,1
2262,30565,2280,1,2,1,1
2263,5000,2281,1,1,1,1
2264,23563,2282,3,3,1,1
2265,790,2283,1,1,1,1
2266,853,2284,1,1,1,1
2267,5850,2285,0,1,1,1
2268,13755,2286,1,3,1,1
2269,34656,2287,3,4,1,1
2270,1411,2288,1,1,1,1
2271,500,2289,1,1,1,1
2272,28055,2290,3,4,1,1
2273,19678,2291,3,3,1,1
2274,17778,2292,3,3,1,1
2275,56687,2293,3,5,1,1
2276,89709,2294,3,4,1,1
2277,400,2295,1,1,1,1
2278,15370,2296,2,1,3,1
2279,4881,2297,1,1,1,1
2280,3225,2298,1,1,1,1
2281,11965,2299,3,3,1,1
2282,22500,2300,1,1,1,1
2283,70125,2301,4,5,1,3
2284,1800,2302,0,1,1,1
2285,750,2303,1,1,1,1
2286,2500,2304,1,1,1,1
2287,45589,2305,3,4,1,1
2288,43392,2306,3,4,1,1
2289,2799,2307,1,1,1,1
2290,7200,2308,1,1,1,1
2291,22136,2309,1,3,1,1
2292,13051,2310,3,3,1,1
2293,3550,2311,1,1,1,1
2294,30872,2312,3,4,1,1
2295,76661,2313,3,5,1,1
2296,5330,2314,1,2,1,1
2297,19526,2315,3,3,1,1
2298,10252,2316,1,3,1,1
2299,6622,2317,1,2,1,1
2300,7747,2318,1,2,1,1
2301,33795,2319,3,3,1,1
2302,4908,2320,1,1,1,1
2303,1000,2321,1,1,1,1
2304,40170,2322,3,4,1,1
2305,33886,2323,3,4,1,1
2306,705,2324,1,1,1,1
2307,40152,2325,3,4,1,1
2308,54657,2326,3,5,1,1
2309,8668,2327,1,1,1,1
2310,11550,2328,1,1,1,1
2311,46421,2329,3,4,1,1
2312,0,2330,1,1,1,1
2313,0,2331,1,1,1,1
2314,100,2332,1,1,1,1
2315,16434,2333,1,3,1,1
2316,34744,2334,3,4,1,1
2317,10458,2335,2,1,2,1
2318,32170,2336,3,4,1,1
2319,43152,2337,3,4,1,1
2320,0,2338,1,1,1,1
2321,6393,2339,1,2,1,1
2322,12254,2340,3,3,1,1
2323,28969,2341,3,4,1,1
2324,1230,2342,1,1,1,1
2325,215,2343,1,1,1,1
2326,16776,2344,1,3,1,1
2327,3000,2345,1,1,1,1
2328,11998,2346,3,3,1,1
2329,5364,2347,1,1,1,1
2330,0,2348,1,1,1,1
2331,25131,2349,3,3,1,1
2332,40129,2350,3,4,1,1
2333,0,2351,1,1,1,1
2334,79154,2352,3,5,1,1
2335,8649,2353,1,2,1,1
2336,14422,2354,3,3,1,1
2337,0,2355,1,1,1,1
2338,16449,2356,3,3,1,1
2339,15537,2357,3,3,1,1
2340,17481,2358,3,3,1,1
2341,18520,2359,3,3,1,1
2342,355,2360,1,1,1,1
2343,50988,2361,3,4,1,1
2344,3600,2362,1,1,1,1
2345,19710,2363,3,3,1,1
2346,20265,2364,3,3,1,1
2347,0,2365,1,1,1,1
2348,1000,2366,1,1,1,1
2349,500,2367,1,1,1,1
2350,17696,2368,3,3,1,1
2351,56007,2369,3,4,1,1
2352,51278,2370,3,4,1,1
2353,13607,2371,1,3,1,1
2354,12263,2372,1,1,1,1
2355,24156,2373,3,3,1,1
2356,0,2374,1,1,1,1
2357,40560,2375,3,4,1,1
2358,48564,2376,3,4,1,1
2359,37127,2377,3,4,1,1
2360,12325,2378,1,3,1,1
2361,8156,2379,1,2,1,1
2362,83783,2380,3,5,1,1
2363,1875,2381,1,1,1,1
2364,217006,2382,4,5,1,5
2365,100,2383,1,1,1,1
2366,38323,2384,3,4,1,1
2367,9055,2385,1,2,1,1
2368,2044,2386,1,1,1,1
2369,3704,2387,1,1,1,1
2370,3250,2388,1,1,1,1
2371,133,2389,1,1,1,1
2372,520,2390,1,1,1,1
2373,10613,2391,1,2,1,1
2374,841,2392,1,1,1,1
2375,27650,2393,0,1,1,1
2376,40878,2394,3,4,1,1
2377,0,2395,1,1,1,1
2378,43162,2396,3,4,1,1
2379,12600,2397,1,1,1,1
2380,0,2398,1,1,1,1
2381,9680,2399,1,1,1,1
2382,4286,2400,1,1,1,1
2383,10500,2401,1,1,1,1
2384,0,2402,1,1,1,1
2385,333,2403,1,1,1,1
2386,17259,2404,1,1,1,1
2387,11039,2405,1,2,1,1
2388,24430,2406,1,3,1,1
2389,1000,2407,1,1,1,1
2390,10350,2408,3,2,1,1
2391,2585,2409,1,1,1,1
2392,41345,2410,3,4,1,1
2393,100,2411,1,1,1,1
2394,18745,2412,1,3,1,1
2395,3005,2413,1,1,1,1
2396,520,2414,1,1,1,1
2397,4977,2415,1,1,1,1
2398,12798,2416,1,2,1,1
2399,6883,2417,1,2,1,1
2400,0,2418,1,1,1,1
2401,26674,2420,3,3,1,1
2402,48658,2421,3,4,1,1
2403,21274,2422,3,3,1,1
2404,3625,2423,1,1,1,1
2405,626,2424,1,1,1,1
2406,2920,2425,1,1,1,1
2407,1375,2426,1,1,1,1
2408,6321,2427,1,1,1,1
2409,23159,2428,1,3,1,1
2410,26962,2429,3,3,1,1
2411,40755,2430,3,4,1,1
2412,26480,2431,3,3,1,1
2413,104159,2432,0,5,1,1
2414,2375,2433,1,1,1,1
2415,4175,2434,1,1,1,1
2416,28356,2435,3,3,1,1
2417,42569,2436,3,4,1,1
2418,55338,2437,3,4,1,1
2419,3033,2438,1,1,1,1
2420,66292,2439,3,5,1,1
2421,8275,2440,2,1,2,1
2422,42007,2441,3,4,1,1
2423,18971,2442,1,3,1,1
2424,0,2443,1,1,1,1
2425,18032,2444,3,3,1,1
2426,8500,2445,1,1,1,1
2427,2236,2446,1,1,1,1
2428,45907,2447,3,3,1,1
2429,247,2448,1,1,1,1
2430,0,2449,1,1,1,1
2431,1000,2450,1,1,1,1
2432,1500,2451,1,1,1,1
2433,4960,2452,1,1,1,1
2434,30368,2453,3,4,1,1
2435,41685,2454,3,4,1,1
2436,12398,2455,3,3,1,1
2437,36608,2456,3,4,1,1
2438,2030,2457,1,1,1,1
2439,100,2458,1,1,1,1
2440,22089,2459,3,3,1,1
2441,25936,2460,3,4,1,1
2442,6795,2461,1,2,1,1
2443,66859,2462,3,5,1,1
2444,2875,2463,1,1,1,1
2445,46521,2464,3,4,1,1
2446,33424,2465,3,4,1,1
2447,0,2466,1,1,1,1
2448,64109,2467,0,4,1,1
2449,8639,2468,0,1,1,1
2450,0,2469,1,1,1,1
2451,3189,2470,1,1,1,1
2452,87549,2471,3,5,1,1
2453,0,2472,1,1,1,1
2454,36666,2473,3,4,1,1
2455,45265,2474,3,4,1,1
2456,61276,2475,3,5,1,1
2457,0,2476,1,1,1,1
2458,2500,2477,1,1,1,1
2459,2585,2478,1,1,1,1
2460,0,2479,1,1,1,1
2461,58457,2480,3,5,1,1
2462,45996,2481,3,4,1,1
2463,19507,2482,3,3,1,1
2464,10728,2483,1,3,1,1
2465,34682,2484,3,4,1,1
2466,500,2485,1,1,1,1
2467,11050,2486,1,1,1,1
2468,1385,2487,1,1,1,1
2469,10953,2488,3,1,1,1
2470,11845,2489,1,3,1,1
2471,9944,2490,1,2,1,1
2472,58008,2491,3,4,1,1
2473,75019,2492,3,5,1,1
2474,38956,2493,3,3,1,1
2475,40051,2494,3,4,1,1
2476,16336,2495,1,3,1,1
2477,13692,2496,3,3,1,1
2478,0,2497,1,1,1,1
2479,19791,2498,3,3,1,1
2480,14787,2499,1,3,1,1
2481,24656,2500,3,3,1,1
2482,30532,2501,3,4,1,1
2483,250,2502,1,1,1,1
2484,8035,2503,1,1,1,1
2485,3250,2504,1,1,1,1
2486,4741,2505,1,1,1,1
2487,22824,2506,3,3,1,1
2488,50,2507,1,1,1,1
2489,98119,2508,3,5,1,1
2490,19016,2509,3,3,1,1
2491,1000,2510,1,1,1,1
2492,3170,2511,1,1,1,1
2493,34630,2512,3,3,1,1
2494,19464,2513,1,3,1,1
2495,0,2514,1,1,1,1
2496,0,2515,1,1,1,1
2497,0,2516,1,1,1,1
2498,255,2517,1,1,1,1
2499,90,2518,1,1,1,1
2500,57130,2519,3,5,1,1
2501,7373,2520,0,1,1,1
2502,1972,2521,1,1,1,1
2503,20991,2522,3,3,1,1
2504,8000,2523,1,1,1,1
2505,21136,2524,3,3,1,1
2506,25675,2525,3,4,1,1
2507,7600,2526,1,1,1,1
2508,6503,2527,1,2,1,1
2509,13959,2528,3,3,1,1
2510,2845,2529,1,1,1,1
2511,7147,2530,1,1,1,1
2512,1700,2531,1,1,1,1
2513,33678,2532,3,4,1,1
2514,14967,2533,3,3,1,1
2515,0,2534,1,1,1,1
2516,850,2535,1,1,1,1
2517,0,2536,1,1,1,1
2518,4545,2537,1,1,1,1
2519,44627,2538,3,4,1,1
2520,6789,2539,1,2,1,1
2521,2548,2540,1,1,1,1
2522,35511,2541,0,4,1,1
2523,1500,2542,1,1,1,1
2524,305,2543,1,1,1,1
2525,48989,2544,3,4,1,1
2526,37408,2545,3,4,1,1
2527,21292,2546,1,1,1,1
2528,2607,2547,1,1,1,1
2529,1000,2548,1,1,1,1
2530,4100,2549,1,1,1,1
2531,48287,2550,3,4,1,1
2532,10513,2551,1,2,1,1
2533,25675,2552,3,3,1,1
2534,12845,2553,3,2,1,1
2535,30808,2554,3,4,1,1
2536,3750,2555,1,1,1,1
2537,0,2556,1,1,1,1
2538,15816,2557,1,1,1,1
2539,47223,2558,3,4,1,1
2540,2000,2559,1,1,1,1
2541,13668,2560,1,1,1,1
2542,0,2561,1,1,1,1
2543,61165,2562,3,5,1,1
2544,5000,2563,1,1,1,1
2545,20636,2564,1,3,1,1
2546,230,2565,1,1,1,1
2547,5312,2566,1,2,1,1
2548,45861,2567,3,4,1,1
2549,118013,2568,3,5,1,1
2550,185,2569,1,1,1,1
2551,7072,2570,1,2,1,1
2552,24808,2571,1,3,1,1
2553,11270,2572,3,3,1,1
2554,17579,2573,3,3,1,1
2555,500,2574,1,1,1,1
2556,2000,2575,1,1,1,1
2557,7734,2576,2,1,2,1
2558,0,2577,1,1,1,1
2559,34178,2578,3,4,1,1
2560,2250,2579,1,1,1,1
2561,39897,2580,3,4,1,1
2562,16332,2581,1,3,1,1
2563,3215,2582,1,1,1,1
2564,15700,2583,3,1,1,1
2565,17388,2584,1,3,1,1
2566,0,2585,1,1,1,1
2567,7719,2586,1,2,1,1
2568,6090,2587,1,1,1,1
2569,2900,2588,1,1,1,1
2570,0,2589,1,1,1,1
2571,11073,2590,1,2,1,1
2572,12978,2591,1,3,1,1
2573,26700,2592,1,1,1,1
2574,500,2593,1,1,1,1
2575,350,2594,1,1,1,1
2576,5000,2595,1,1,1,1
2577,0,2596,1,1,1,1
2578,150,2597,1,1,1,1
2579,36866,2598,3,4,1,1
2580,6293,2599,1,2,1,1
2581,11400,2600,1,1,1,1
2582,790,2601,1,1,1,1
2583,15738,2602,3,3,1,1
2584,17500,2603,1,1,1,1
2585,25236,2604,1,1,1,1
2586,2835,2605,1,1,1,1
2587,2125,2606,1,1,1,1
2588,27894,2607,3,3,1,1
2589,33324,2608,3,4,1,1
2590,0,2609,1,1,1,1
2591,23256,2610,3,3,1,1
2592,7625,2611,1,1,1,1
2593,14152,2612,3,3,1,1
2594,53001,2613,3,4,1,1
2595,19057,2614,1,3,1,1
2596,1754,2615,1,1,1,1
2597,2790,2616,1,1,1,1
2598,5103,2617,1,1,1,1
2599,990,2618,1,1,1,1
2600,10220,2619,1,1,1,1
2601,3170,2620,1,1,1,1
2602,23705,2621,1,2,1,1
2603,16921,2622,3,2,1,1
2604,62224,2623,3,5,1,1
2605,3250,2624,1,1,1,1
2606,10986,2625,1,2,1,1
2607,1747,2626,1,1,1,1
2608,54625,2627,3,4,1,1
2609,3577,2628,1,1,1,1
2610,2000,2629,1,1,1,1
2611,4875,2630,1,1,1,1
2612,51580,2631,3,4,1,1
2613,1900,2632,1,1,1,1
2614,17683,2633,3,3,1,1
2615,63827,2634,3,5,1,1
2616,0,2635,1,1,1,1
2617,6252,2636,1,2,1,1
2618,335,2637,1,1,1,1
2619,475,2638,1,1,1,1
2620,8114,2640,1,1,1,1
2621,30208,2641,3,2,1,1
2622,0,2642,1,1,1,1
2623,13619,2643,1,3,1,1
2624,0,2644,1,1,1,1
2625,2500,2645,1,1,1,1
2626,500,2646,1,1,1,1
2627,2644,2647,1,1,1,1
2628,3344,2648,1,1,1,1
2629,3406,2649,1,1,1,1
2630,50,2650,1,1,1,1
2631,3388,2651,1,1,1,1
2632,5580,2652,1,2,1,1
2633,1220,2653,1,1,1,1
2634,0,2654,1,1,1,1
2635,9000,2655,1,1,1,1
2636,130,2656,1,1,1,1
2637,3500,2657,1,1,1,1
2638,64949,2658,3,5,1,1
2639,42410,2659,3,4,1,1
2640,0,2660,1,1,1,1
2641,27102,2661,1,3,1,1
2642,17760,2662,3,3,1,1
2643,400,2663,1,1,1,1
2644,13952,2664,3,3,1,1
2645,25706,2665,3,4,1,1
2646,13681,2666,1,2,1,1
2647,41315,2667,3,4,1,1
2648,1854,2668,1,1,1,1
2649,140,2669,1,1,1,1
2650,1000,2670,1,1,1,1
2651,44191,2671,3,4,1,1
2652,35304,2672,3,3,1,1
2653,16876,2673,3,3,1,1
2654,3750,2674,1,1,1,1
2655,1130,2675,1,1,1,1
2656,14350,2676,0,1,1,1
2657,37682,2677,3,4,1,1
2658,2528,2678,1,1,1,1
2659,2210,2679,1,1,1,1
2660,4500,2680,1,1,1,1
2661,17131,2681,1,1,1,1
2662,13338,2682,1,2,1,1
2663,6317,2683,1,2,1,1
2664,24295,2684,1,3,1,1
2665,55027,2685,3,5,1,1
2666,1450,2686,1,1,1,1
2667,13993,2687,1,3,1,1
2668,6208,2688,1,2,1,1
2669,1875,2689,1,1,1,1
2670,44783,2690,3,4,1,1
2671,5075,2691,1,1,1,1
2672,14941,2692,0,1,1,1
2673,19314,2693,0,1,1,1
2674,57404,2694,2,4,2,1
2675,5375,2695,1,1,1,1
2676,4478,2696,0,1,1,1
2677,20310,2697,1,3,1,1
2678,0,2698,1,1,1,1
2679,0,2699,1,1,1,1
2680,0,2700,1,1,1,1
2681,1375,2701,1,1,1,1
2682,3679,2702,1,1,1,1
2683,12515,2703,3,3,1,1
2684,16726,2704,3,3,1,1
2685,36986,2705,3,4,1,1
2686,5964,2706,1,2,1,1
2687,9463,2707,1,2,1,1
2688,0,2708,1,1,1,1
2689,14714,2709,3,3,1,1
2690,23503,2710,3,3,1,1
2691,9075,2711,1,2,1,1
2692,500,2712,1,1,1,1
2693,56780,2713,3,5,1,1
2694,495,2714,1,1,1,1
2695,0,2715,1,1,1,1
2696,31000,2717,0,1,1,1
2697,12483,2719,1,3,1,1
2698,4300,2720,1,1,1,1
2699,10046,2721,1,2,1,1
2700,9744,2722,1,2,1,1
2701,19665,2723,1,3,1,1
2702,445,2724,1,1,1,1
2703,320,2725,1,1,1,1
2704,2745,2726,1,1,1,1
2705,3700,2727,1,1,1,1
2706,700,2728,1,1,1,1
2707,0,2729,1,1,1,1
2708,2125,2730,1,1,1,1
2709,72318,2731,0,4,1,1
2710,1729,2732,1,1,1,1
2711,30752,2733,3,4,1,1
2712,781,2734,1,1,1,1
2713,800,2735,1,1,1,1
2714,1660,2736,1,1,1,1
2715,73665,2737,3,5,1,1
2716,1726,2738,1,1,1,1
2717,20291,2739,1,3,1,1
2718,10722,2740,1,1,1,1
2719,1000,2741,1,1,1,1
2720,27460,2742,1,1,1,1
2721,3517,2743,1,1,1,1
2722,11238,2744,3,2,1,1
2723,16617,2745,1,3,1,1
2724,1000,2746,1,1,1,1
2725,25053,2747,3,3,1,1
2726,9094,2748,1,1,1,1
2727,24779,2749,3,3,1,1
2728,52700,2750,3,4,1,1
2729,44283,2751,3,4,1,1
2730,34007,2752,3,4,1,1
2731,57382,2753,3,5,1,1
2732,6500,2754,0,1,1,1
2733,0,2755,1,1,1,1
2734,0,2756,1,1,1,1
2735,3675,2757,1,1,1,1
2736,24928,2758,1,3,1,1
2737,18156,2759,3,3,1,1
2738,10597,2760,1,1,1,1
2739,22666,2761,1,3,1,1
2740,50272,2762,3,4,1,1
2741,7889,2763,2,1,2,1
2742,18303,2764,3,3,1,1
2743,40397,2765,3,4,1,1
2744,0,2766,1,1,1,1
2745,2000,2767,1,1,1,1
2746,0,2768,1,1,1,1
2747,9198,2769,0,1,1,1
2748,18678,2770,1,1,1,1
2749,420,2771,1,1,1,1
2750,14086,2772,1,3,1,1
2751,9030,2773,0,1,1,1
2752,43071,2774,3,3,1,1
2753,23068,2775,3,3,1,1
2754,700,2776,1,1,1,1
2755,220,2777,1,1,1,1
2756,952,2778,1,1,1,1
2757,22598,2779,1,3,1,1
2758,3150,2780,1,1,1,1
2759,3993,2781,1,1,1,1
2760,5780,2782,1,1,1,1
2761,29782,2783,3,4,1,1
2762,2475,2784,1,1,1,1
2763,1600,2785,1,1,1,1
2764,23392,2786,3,1,1,1
2765,17868,2787,1,3,1,1
2766,41704,2788,3,4,1,1
2767,18012,2789,1,3,1,1
2768,3422,2790,1,1,1,1
2769,400,2791,1,1,1,1
2770,0,2792,1,1,1,1
2771,33836,2793,3,4,1,1
2772,15000,2794,1,1,1,1
2773,9113,2795,1,2,1,1
2774,24279,2796,1,3,1,1
2775,52429,2797,0,4,1,1
2776,500,2798,1,1,1,1
2777,26682,2799,1,3,1,1
2778,6147,2800,1,1,1,1
2779,14159,2801,1,3,1,1
2780,41048,2802,3,4,1,1
2781,0,2803,1,1,1,1
2782,2500,2804,1,1,1,1
2783,34495,2805,3,3,1,1
2784,18992,2806,1,3,1,1
2785,13421,2807,1,3,1,1
2786,0,2808,1,1,1,1
2787,150,2809,1,1,1,1
2788,2650,2810,1,1,1,1
2789,18248,2811,0,1,1,1
2790,0,2812,1,1,1,1
2791,27904,2813,3,3,1,1
2792,12463,2814,3,3,1,1
2793,0,2815,1,1,1,1
2794,11512,2816,3,3,1,1
2795,7011,2817,1,2,1,1
2796,1600,2818,1,1,1,1
2797,22571,2819,1,3,1,1
2798,0,2820,1,1,1,1
2799,645,2821,1,1,1,1
2800,0,2822,1,1,1,1
2801,1250,2823,1,1,1,1
2802,69237,2824,0,4,1,1
2803,4000,2825,1,1,1,1
2804,17332,2826,1,2,1,1
2805,2750,2827,1,1,1,1
2806,35151,2828,3,4,1,1
2807,500,2829,1,1,1,1
2808,18405,2830,1,3,1,1
2809,2773,2831,1,1,1,1
2810,11595,2832,1,3,1,1
2811,4985,2833,1,1,1,1
2812,0,2834,1,1,1,1
2813,6485,2835,1,2,1,1
2814,0,2836,1,1,1,1
2815,39810,2837,3,4,1,1
2816,11556,2838,1,3,1,1
2817,5598,2839,1,1,1,1
2818,0,2840,1,1,1,1
2819,32108,2841,3,4,1,1
2820,51234,2842,3,5,1,1
2821,56281,2843,3,4,1,1
2822,18315,2844,0,3,1,1
2823,9500,2845,1,1,1,1
2824,9402,2846,1,2,1,1
2825,0,2847,1,1,1,1
2826,2,2848,1,1,1,1
2827,0,2849,1,1,1,1
2828,200,2850,1,1,1,1
2829,8228,2851,1,2,1,1
2830,2250,2852,1,1,1,1
2831,89360,2853,3,5,1,1
2832,18957,2854,1,3,1,1
2833,1000,2855,1,1,1,1
2834,2100,2856,1,1,1,1
2835,500,2857,1,1,1,1
2836,4091,2858,1,1,1,1
2837,0,2859,1,1,1,1
2838,15000,2860,1,1,1,1
2839,46165,2861,3,4,1,1
2840,200622,2862,3,1,1,1
2841,1000,2863,1,1,1,1
2842,22397,2864,1,3,1,1
2843,1300,2865,1,1,1,1
2844,22276,2866,1,3,1,1
2845,11850,2867,1,1,1,1
2846,12279,2868,1,3,1,1
2847,7627,2869,1,2,1,1
2848,0,2870,1,1,1,1
2849,31989,2871,3,4,1,1
2850,18250,2872,1,1,1,1
2851,675,2873,1,1,1,1
2852,7247,2874,1,2,1,1
2853,86952,2875,3,4,1,2
2854,49146,2876,3,4,1,1
2855,500,2877,1,1,1,1
2856,27538,2878,3,3,1,1
2857,1625,2879,1,1,1,1
2858,0,2880,1,1,1,1
2859,440,2881,1,1,1,1
2860,90,2882,1,1,1,1
2861,8229,2883,1,2,1,1
2862,7917,2884,1,2,1,1
2863,0,2885,1,1,1,1
2864,14404,2886,3,3,1,1
2865,14809,2887,1,3,1,1
2866,10595,2888,3,2,1,1
2867,0,2889,1,1,1,1
2868,4100,2890,1,1,1,1
2869,11943,2891,1,3,1,1
2870,5000,2892,1,1,1,1
2871,11297,2893,1,2,1,1
2872,3750,2894,1,1,1,1
2873,300,2895,1,1,1,1
2874,0,2896,1,1,1,1
2875,2025,2897,1,1,1,1
2876,0,2898,1,1,1,1
2877,2875,2899,1,1,1,1
2878,7300,2900,1,1,1,1
2879,500,2901,1,1,1,1
2880,23163,2902,1,3,1,1
2881,4200,2903,1,1,1,1
2882,55567,2904,3,5,1,1
2883,2375,2905,1,1,1,1
2884,2986,2906,1,1,1,1
2885,16359,2907,1,3,1,1
2886,0,2908,1,1,1,1
2887,15766,2909,3,3,1,1
2888,34282,2910,0,3,1,1
2889,40234,2911,3,3,1,1
2890,9704,2912,1,2,1,1
2891,10550,2913,1,1,1,1
2892,64517,2914,3,4,1,1
2893,500,2915,1,1,1,1
2894,0,2916,1,1,1,1
2895,57114,2917,3,5,1,1
2896,0,2918,1,1,1,1
2897,16366,2919,3,3,1,1
2898,800,2920,1,1,1,1
2899,50255,2921,3,5,1,1
2900,400,2922,1,1,1,1
2901,1600,2923,1,1,1,1
2902,23007,2924,1,3,1,1
2903,2900,2925,0,1,1,1
2904,5796,2926,1,2,1,1
2905,29816,2927,3,4,1,1
2906,5165,2928,2,1,2,1
2907,1507,2929,1,1,1,1
2908,1010,2930,1,1,1,1
2909,1000,2931,1,1,1,1
2910,5760,2932,1,1,1,1
2911,230,2933,1,1,1,1
2912,0,2934,1,1,1,1
2913,17001,2935,3,3,1,1
2914,24356,2936,3,3,1,1
2915,6589,2937,1,2,1,1
2916,34664,2938,1,1,1,1
2917,3119,2939,1,1,1,1
2918,29226,2940,3,4,1,1
2919,100,2941,1,1,1,1
2920,11843,2942,1,3,1,1
2921,3463,2943,1,1,1,1
2922,4437,2944,1,1,1,1
2923,6817,2945,1,1,1,1
2924,24667,2946,3,3,1,1
2925,68315,2947,3,5,1,1
2926,60,2948,1,1,1,1
2927,29227,2949,3,4,1,1
2928,1500,2950,1,1,1,1
2929,11540,2951,1,3,1,1
2930,10144,2952,1,2,1,1
2931,7041,2953,1,1,1,1
2932,31922,2954,3,4,1,1
2933,9068,2955,1,2,1,1
2934,60315,2956,3,5,1,1
2935,8698,2957,1,2,1,1
2936,140,2958,1,1,1,1
2937,5000,2959,1,1,1,1
2938,61894,2960,3,4,1,1
2939,0,2961,1,1,1,1
2940,0,2962,1,1,1,1
2941,24862,2963,1,3,1,1
2942,18908,2964,3,3,1,1
2943,4850,2965,1,1,1,1
2944,3606,2966,1,1,1,1
2945,1150,2967,1,1,1,1
2946,500,2968,1,1,1,1
2947,6600,2969,1,1,1,1
2948,5167,2970,1,1,1,1
2949,7069,2971,1,1,1,1
2950,4100,2972,1,1,1,1
2951,525,2973,1,1,1,1
2952,3558,2974,1,1,1,1
2953,855,2975,1,1,1,1
2954,3050,2976,1,1,1,1
2955,47717,2977,4,1,1,4
2956,28641,2978,3,3,1,1
2957,705,2979,1,1,1,1
2958,145,2980,1,1,1,1
2959,11639,2981,1,3,1,1
2960,18303,2982,1,3,1,1
2961,22370,2983,1,1,1,1
2962,42980,2984,3,4,1,1
2963,4642,2985,1,1,1,1
2964,13609,2986,3,3,1,1
2965,450,2987,1,1,1,1
2966,16368,2988,1,3,1,1
2967,9122,2989,2,1,2,1
2968,12885,2990,1,1,1,1
2969,1337,2991,1,1,1,1
2970,0,2992,1,1,1,1
2971,1850,2993,1,1,1,1
2972,2625,2994,1,1,1,1
2973,0,2995,1,1,1,1
2974,6000,2996,1,1,1,1
2975,17714,2997,3,3,1,1
2976,5858,2998,0,1,1,1
2977,6362,2999,1,1,1,1
2978,26334,3000,2,1,3,1
2979,13523,3001,1,3,1,1
2980,0,3002,1,1,1,1
2981,325,3003,1,1,1,1
2982,20333,3004,1,3,1,1
2983,11500,3005,1,1,1,1
2984,19350,3006,1,1,1,1
2985,34540,3007,3,4,1,1
2986,500,3008,1,1,1,1
2987,14000,3009,1,1,1,1
2988,11662,3010,1,3,1,1
2989,4773,3011,1,1,1,1
2990,80554,3012,3,5,1,1
2991,0,3013,1,1,1,1
2992,17878,3014,3,3,1,1
2993,51615,3015,3,3,1,1
2994,32551,3016,3,4,1,1
2995,17984,3017,3,3,1,1
2996,5491,3018,1,1,1,1
2997,1600,3019,1,1,1,1
2998,21715,3020,1,2,1,1
2999,24091,3021,2,1,3,1
3000,2500,3022,1,1,1,1
3001,50698,3023,3,5,1,1
3002,34832,3024,3,4,1,1
3003,710,3025,1,1,1,1
3004,510,3026,1,1,1,1
3005,2396,3027,1,1,1,1
3006,9712,3028,1,1,1,1
3007,9177,3029,1,1,1,1
3008,0,3030,1,1,1,1
3009,7681,3031,1,2,1,1
3010,5005,3032,1,1,1,1
3011,20372,3033,3,3,1,1
3012,0,3034,1,1,1,1
3013,3500,3035,1,1,1,1
3014,45526,3036,3,4,1,1
3015,68846,3037,3,4,1,1
3016,63796,3038,3,5,1,1
3017,115,3039,1,1,1,1
3018,20450,3040,1,1,1,1
3019,130,3041,1,1,1,1
3020,27703,3042,3,4,1,1
3021,44791,3043,3,3,1,1
3022,4920,3044,1,1,1,1
3023,5718,3045,1,1,1,1
3024,23773,3046,1,3,1,1
3025,0,3047,1,1,1,1
3026,0,3048,1,1,1,1
3027,7150,3049,1,1,1,1
3028,9623,3050,1,2,1,1
3029,947,3051,1,1,1,1
3030,29618,3052,3,4,1,1
3031,7573,3053,0,1,1,1
3032,68704,3054,3,5,1,1
3033,2725,3055,1,1,1,1
3034,90,3056,1,1,1,1
3035,5500,3057,1,1,1,1
3036,13619,3058,3,3,1,1
3037,6980,3059,3,2,1,1
3038,5647,3060,1,1,1,1
3039,100,3061,1,1,1,1
3040,4750,3062,0,1,1,1
3041,0,3063,1,1,1,1
3042,56208,3064,3,5,1,1
3043,7670,3065,1,1,1,1
3044,5000,3066,1,1,1,1
3045,0,3067,1,1,1,1
3046,935,3068,1,1,1,1
3047,4379,3069,1,1,1,1
3048,8502,3070,1,2,1,1
3049,10639,3071,1,2,1,1
3050,0,3072,1,1,1,1
3051,26666,3073,3,4,1,1
3052,1800,3074,1,1,1,1
3053,6313,3075,1,2,1,1
3054,300,3076,1,1,1,1
3055,21378,3077,1,3,1,1
3056,4000,3078,1,1,1,1
3057,23223,3079,3,3,1,1
3058,13653,3080,3,3,1,1
3059,0,3081,1,1,1,1
3060,3082,3082,1,1,1,1
3061,25598,3083,3,3,1,1
3062,47252,3084,3,4,1,1
3063,28670,3085,3,2,1,1
3064,290,3086,1,1,1,1
3065,0,3087,1,1,1,1
3066,0,3088,1,1,1,1
3067,18950,3089,1,3,1,1
3068,980,3090,1,1,1,1
3069,31001,3091,3,4,1,1
3070,11294,3092,3,2,1,1
3071,2975,3093,1,1,1,1
3072,0,3094,1,1,1,1
3073,29307,3095,3,4,1,1
3074,2691,3096,1,1,1,1
3075,1094,3097,1,1,1,1
3076,48276,3098,3,4,1,1
3077,2563,3099,1,1,1,1
3078,875,3100,1,1,1,1
3079,40826,3101,3,4,1,1
3080,11727,3102,1,2,1,1
3081,700,3103,1,1,1,1
3082,21181,3104,0,1,1,1
3083,2000,3105,1,1,1,1
3084,9655,3106,1,1,1,1
3085,0,3107,1,1,1,1
3086,7956,3108,1,2,1,1
3087,11029,3109,1,1,1,1
3088,25102,3110,3,3,1,1
3089,1340,3111,1,1,1,1
3090,3630,3112,1,1,1,1
3091,0,3113,1,1,1,1
3092,17117,3114,3,3,1,1
3093,3900,3115,0,1,1,1
3094,16453,3116,1,3,1,1
3095,174,3117,1,1,1,1
3096,34318,3118,0,3,1,1
3097,80,3119,1,1,1,1
3098,25688,3120,3,1,1,1
3099,1004,3121,1,1,1,1
3100,1750,3122,1,1,1,1
3101,7910,3123,1,2,1,1
3102,3125,3124,1,1,1,1
3103,36941,3125,3,4,1,1
3104,9050,3126,0,1,1,1
3105,11327,3127,0,1,1,1
3106,23375,3128,3,3,1,1
3107,335,3129,1,1,1,1
3108,6167,3130,1,1,1,1
3109,500,3131,1,1,1,1
3110,15415,3132,1,3,1,1
3111,14138,3133,1,3,1,1
3112,7843,3134,1,2,1,1
3113,40004,3135,3,4,1,1
3114,13955,3136,1,3,1,1
3115,2229,3137,1,1,1,1
3116,850,3138,1,1,1,1
3117,0,3139,1,1,1,1
3118,45403,3140,3,3,1,1
3119,23061,3141,1,2,1,1
3120,0,3142,1,1,1,1
3121,2702,3143,1,1,1,1
3122,500,3144,1,1,1,1
3123,0,3145,1,1,1,1
3124,1500,3146,1,1,1,1
3125,7658,3147,1,1,1,1
3126,6000,3148,1,1,1,1
3127,63759,3149,3,5,1,1
3128,190,3150,1,1,1,1
3129,19904,3151,3,3,1,1
3130,0,3152,1,1,1,1
3131,0,3153,1,1,1,1
3132,6211,3154,1,2,1,1
3133,34227,3155,0,3,1,1
3134,370,3156,1,1,1,1
3135,4200,3157,0,1,1,1
3136,54152,3158,3,4,1,1
3137,130647,3159,3,5,1,1
3138,1475,3160,1,1,1,1
3139,830,3161,1,1,1,1
3140,1250,3162,1,1,1,1
3141,2125,3163,1,1,1,1
3142,0,3164,1,1,1,1
3143,3250,3165,1,1,1,1
3144,1396,3166,1,1,1,1
3145,0,3167,1,1,1,1
3146,37668,3168,3,4,1,2
3147,40887,3169,3,4,1,1
3148,55865,3170,3,5,1,1
3149,53627,3171,3,5,1,1
3150,0,3172,1,1,1,1
3151,15323,3173,1,1,1,1
3152,0,3174,1,1,1,1
3153,10851,3175,1,3,1,1
3154,28334,3176,3,4,1,1
3155,6672,3177,2,1,2,1
3156,11082,3178,1,3,1,1
3157,2300,3179,1,1,1,1
3158,26810,3180,1,1,1,1
3159,240,3181,1,1,1,1
3160,13422,3182,0,2,1,1
3161,3614,3183,1,1,1,1
3162,3200,3184,1,1,1,1
3163,0,3185,1,1,1,1
3164,1375,3186,1,1,1,1
3165,20822,3187,0,1,1,1
3166,0,3188,1,1,1,1
3167,0,3189,1,1,1,1
3168,53065,3190,3,4,1,1
3169,2807,3191,1,1,1,1
3170,1500,3192,1,1,1,1
3171,13357,3193,3,3,1,1
3172,12902,3194,3,2,1,1
3173,21950,3195,3,3,1,1
3174,1058,3196,1,1,1,1
3175,5500,3197,1,1,1,1
3176,0,3198,1,1,1,1
3177,745,3199,1,1,1,1
3178,0,3200,1,1,1,1
3179,1725,3201,1,1,1,1
3180,5455,3202,1,1,1,1
3181,4337,3203,1,1,1,1
3182,4652,3204,0,1,1,1
3183,4566,3205,1,1,1,1
3184,200,3206,1,1,1,1
3185,34600,3207,3,4,1,1
3186,195,3208,1,1,1,1
3187,0,3209,1,1,1,1
3188,9634,3210,1,1,1,1
3189,550,3211,1,1,1,1
3190,8682,3212,1,2,1,1
3191,12311,3213,2,1,2,1
3192,115,3214,1,1,1,1
3193,3802,3215,1,1,1,1
3194,28100,3216,3,3,1,1
3195,3751,3217,1,1,1,1
3196,2692,3218,1,1,1,1
3197,2500,3219,1,1,1,1
3198,22073,3220,1,2,1,1
3199,31658,3221,3,4,1,1
3200,3250,3222,1,1,1,1
3201,13466,3223,1,3,1,1
3202,375,3224,1,1,1,1
3203,14971,3225,2,1,3,1
3204,14500,3226,1,1,1,1
3205,0,3227,1,1,1,1
3206,168,3228,1,1,1,1
3207,1875,3229,1,1,1,1
3208,485,3230,1,1,1,1
3209,16802,3231,1,3,1,1
3210,5539,3232,1,2,1,1
3211,5158,3233,1,1,1,1
3212,5824,3234,1,2,1,1
3213,17026,3235,1,3,1,1
3214,49484,3236,3,4,1,1
3215,0,3237,1,1,1,1
3216,3050,3238,1,1,1,1
3217,26210,3239,3,4,1,1
3218,27305,3240,3,3,1,1
3219,72905,3241,3,5,1,1
3220,625,3242,1,1,1,1
3221,2358,3243,1,1,1,1
3222,6600,3244,1,1,1,1
3223,21183,3245,1,1,1,1
3224,3920,3246,1,1,1,1
3225,4436,3247,1,1,1,1
3226,9846,3248,1,2,1,1
3227,0,3249,1,1,1,1
3228,800,3250,1,1,1,1
3229,0,3251,1,1,1,1
3230,12011,3252,1,1,1,1
3231,1250,3253,1,1,1,1
3232,0,3254,1,1,1,1
3233,0,3255,1,1,1,1
3234,9181,3256,1,1,1,1
3235,26161,3257,0,1,1,1
3236,23123,3258,3,3,1,1
3237,21157,3260,3,3,1,1
3238,90,3261,1,1,1,1
3239,1750,3262,1,1,1,1
3240,93,3263,1,1,1,1
3241,2319,3264,1,1,1,1
3242,872,3265,1,1,1,1
3243,150,3266,1,1,1,1
3244,500,3267,1,1,1,1
3245,9259,3268,1,2,1,1
3246,0,3269,1,1,1,1
3247,5125,3270,1,1,1,1
3248,600,3271,1,1,1,1
3249,54926,3272,0,4,1,1
3250,12472,3273,3,3,1,1
3251,18351,3274,1,3,1,1
3252,4400,3275,1,1,1,1
3253,0,3276,1,1,1,1
3254,0,3277,1,1,1,1
3255,23928,3278,0,2,1,1
3256,11564,3279,1,1,1,1
3257,4200,3280,1,1,1,1
3258,3445,3281,1,1,1,1
3259,3204,3282,1,1,1,1
3260,12350,3283,0,1,1,1
3261,59991,3284,3,5,1,1
3262,2300,3285,1,1,1,1
3263,22057,3286,3,3,1,1
3264,510,3287,1,1,1,1
3265,500,3288,1,1,1,1
3266,3475,3289,1,1,1,1
3267,5625,3290,1,1,1,1
3268,600,3291,1,1,1,1
3269,8942,3292,1,2,1,1
3270,10492,3293,3,3,1,1
3271,0,3294,1,1,1,1
3272,0,3295,1,1,1,1
3273,49364,3296,1,2,1,1
3274,2000,3297,1,1,1,1
3275,4950,3298,1,1,1,1
3276,0,3299,1,1,1,1
3277,0,3300,1,1,1,1
3278,33876,3301,3,4,1,1
3279,500,3302,1,1,1,1
3280,500,3303,1,1,1,1
3281,1500,3304,1,1,1,1
3282,17550,3305,0,1,1,1
3283,3100,3306,1,1,1,1
3284,17832,3307,1,1,1,1
3285,0,3308,1,1,1,1
3286,780,3309,1,1,1,1
3287,2125,3310,1,1,1,1
3288,550,3311,1,1,1,1
3289,300,3312,1,1,1,1
3290,29586,3313,3,3,1,1
3291,2220,3314,1,1,1,1
3292,50,3315,1,1,1,1
3293,65029,3316,3,5,1,1
3294,13441,3317,1,2,1,1
3295,2000,3318,1,1,1,1
3296,0,3319,1,1,1,1
3297,3650,3320,1,1,1,1
3298,23835,3321,3,3,1,1
3299,0,3322,1,1,1,1
3300,0,3323,1,1,1,1
3301,0,3324,1,1,1,1
3302,16207,3325,1,1,1,1
3303,0,3326,1,1,1,1
3304,34197,3327,3,4,1,1
3305,2375,3328,1,1,1,1
3306,4444,3329,1,1,1,1
3307,23456,3330,1,3,1,1
3308,1500,3331,1,1,1,1
3309,3500,3332,1,1,1,1
3310,5731,3333,1,1,1,1
3311,60090,3334,3,5,1,1
3312,5930,3335,1,1,1,1
3313,209,3336,1,1,1,1
3314,35099,3337,3,4,1,1
3315,69449,3338,3,5,1,1
3316,4750,3339,1,1,1,1
3317,0,3340,1,1,1,1
3318,23548,3341,1,3,1,1
3319,1050,3342,1,1,1,1
3320,3850,3343,1,1,1,1
3321,38812,3344,3,3,1,1
3322,7750,3345,1,1,1,1
3323,2472,3346,1,1,1,1
3324,0,3347,1,1,1,1
3325,22404,3348,3,3,1,1
3326,22432,3349,3,3,1,1
3327,2375,3350,1,1,1,1
3328,0,3351,1,1,1,1
3329,58475,3352,3,5,1,1
3330,1000,3353,1,1,1,1
3331,20700,3354,3,3,1,1
3332,600,3355,1,1,1,1
3333,1625,3356,1,1,1,1
3334,0,3357,1,1,1,1
3335,23122,3358,1,2,1,1
3336,13080,3359,1,3,1,1
3337,10534,3360,1,3,1,1
3338,84148,3361,4,1,1,5
3339,2000,3362,1,1,1,1
3340,5488,3363,1,1,1,1
3341,23755,3364,1,2,1,1
3342,125,3365,1,1,1,1
3343,16771,3366,1,3,1,1
3344,150,3367,1,1,1,1
3345,825,3368,1,1,1,1
3346,70403,3369,3,5,1,1
3347,1815,3370,1,1,1,1
3348,0,3371,1,1,1,1
3349,8253,3372,1,1,1,1
3350,0,3373,1,1,1,1
3351,4375,3374,1,1,1,1
3352,31357,3375,3,4,1,1
3353,20553,3376,1,3,1,1
3354,5208,3377,1,2,1,1
3355,0,3378,1,1,1,1
3356,36375,3379,3,4,1,1
3357,9295,3380,1,2,1,1
3358,255,3381,1,1,1,1
3359,6990,3382,2,1,2,1
3360,2100,3383,1,1,1,1
3361,2135,3384,1,1,1,1
3362,21014,3385,0,3,1,1
3363,6050,3386,1,1,1,1
3364,1875,3387,1,1,1,1
3365,16165,3388,1,1,1,1
3366,48700,3389,3,1,1,1
3367,10587,3390,2,1,3,1
3368,0,3391,1,1,1,1
3369,11612,3392,1,2,1,1
3370,0,3393,1,1,1,1
3371,0,3394,1,1,1,1
3372,0,3395,1,1,1,1
3373,0,3396,1,1,1,1
3374,0,3397,1,1,1,1
3375,14734,3398,3,3,1,1
3376,2719,3399,1,1,1,1
3377,4000,3400,1,1,1,1
3378,0,3401,1,1,1,1
3379,3850,3402,1,1,1,1
3380,350,3403,1,1,1,1
3381,1500,3404,1,1,1,1
3382,39983,3405,1,3,1,1
3383,4167,3406,1,1,1,1
3384,15803,3407,1,3,1,1
3385,100,3408,1,1,1,1
3386,1128,3409,1,1,1,1
3387,9612,3410,1,2,1,1
3388,4977,3411,1,1,1,1
3389,2500,3412,1,1,1,1
3390,4752,3413,1,1,1,1
3391,2100,3414,1,1,1,1
3392,7834,3415,1,1,1,1
3393,24617,3416,1,3,1,1
3394,3725,3417,1,1,1,1
3395,0,3418,1,1,1,1
3396,25860,3419,3,4,1,1
3397,56111,3420,3,5,1,1
3398,3289,3421,1,1,1,1
3399,5250,3422,1,1,1,1
3400,2350,3423,1,1,1,1
3401,3950,3424,1,1,1,1
3402,350,3425,1,1,1,1
3403,3450,3426,1,1,1,1
3404,3300,3427,1,1,1,1
3405,4403,3428,1,1,1,1
3406,16011,3429,1,1,1,1
3407,4250,3430,1,1,1,1
3408,4010,3431,1,1,1,1
3409,5739,3432,1,1,1,1
3410,160,3433,1,1,1,1
3411,71728,3434,3,5,1,1
3412,0,3435,1,1,1,1
3413,15086,3436,1,1,1,1
3414,500,3437,1,1,1,1
3415,2750,3438,1,1,1,1
3416,2375,3439,1,1,1,1
3417,37766,3440,0,4,1,1
3418,3500,3441,1,1,1,1
3419,26299,3442,1,1,1,1
3420,7625,3443,1,1,1,1
3421,14500,3444,1,1,1,1
3422,1300,3445,1,1,1,1
3423,5043,3446,1,1,1,1
3424,42497,3447,3,4,1,1
3425,39760,3448,3,4,1,1
3426,1750,3449,1,1,1,1
3427,1400,3450,1,1,1,1
3428,2350,3451,1,1,1,1
3429,84215,3452,0,5,1,1
3430,1831,3453,1,1,1,1
3431,15779,3454,1,3,1,1
3432,10500,3455,1,1,1,1
3433,6654,3456,1,1,1,1
3434,1644,3457,1,1,1,1
3435,1500,3458,1,1,1,1
3436,9015,3459,1,2,1,1
3437,0,3460,1,1,1,1
3438,38807,3461,3,3,1,1
3439,4619,3462,1,1,1,1
3440,0,3463,1,1,1,1
3441,8620,3464,1,2,1,1
3442,1375,3465,1,1,1,1
3443,400,3466,1,1,1,1
3444,49904,3467,3,4,1,1
3445,12833,3468,1,3,1,1
3446,18722,3469,1,1,1,1
3447,45175,3470,3,4,1,1
3448,0,3471,1,1,1,1
3449,0,3472,1,1,1,1
3450,23050,3473,1,1,1,1
3451,1720,3474,1,1,1,1
3452,0,3475,1,1,1,1
3453,0,3476,1,1,1,1
3454,0,3477,1,1,1,1
3455,0,3478,1,1,1,1
3456,16634,3479,1,3,1,1
3457,2125,3480,1,1,1,1
3458,0,3481,1,1,1,1
3459,750,3482,1,1,1,1
3460,500,3483,1,1,1,1
3461,3726,3484,1,1,1,1
3462,27292,3485,3,4,1,1
3463,19633,3486,0,1,1,1
3464,4520,3487,1,1,1,1
3465,2000,3488,1,1,1,1
3466,0,3489,1,1,1,1
3467,500,3490,1,1,1,1
3468,300,3491,1,1,1,1
3469,265,3492,1,1,1,1
3470,4400,3493,1,1,1,1
3471,16448,3494,1,1,1,1
3472,1000,3495,1,1,1,1
3473,7358,3496,1,1,1,1
3474,1605,3497,1,1,1,1
3475,2500,3498,1,1,1,1
3476,350,3499,1,1,1,1
3477,10550,3500,1,1,1,1
3478,0,3501,1,1,1,1
3479,1150,3502,1,1,1,1
3480,10463,3503,1,1,1,1
3481,0,3504,1,1,1,1
3482,9200,3505,1,2,1,1
3483,11899,3506,1,2,1,1
3484,10000,3507,1,1,1,1
3485,57676,3508,0,4,1,1
3486,3505,3509,1,1,1,1
3487,12487,3510,2,1,2,1
3488,28916,3511,3,4,1,1
3489,3450,3512,1,1,1,1
3490,54353,3513,3,4,1,1
3491,0,3514,1,1,1,1
3492,0,3515,1,1,1,1
3493,0,3516,1,1,1,1
3494,22051,3517,1,3,1,1
3495,0,3518,1,1,1,1
3496,14447,3519,1,3,1,1
3497,61068,3520,3,5,1,1
3498,6000,3521,1,1,1,1
3499,0,3522,1,1,1,1
3500,1883,3523,1,1,1,1
3501,77203,3524,3,5,1,1
3502,550,3525,1,1,1,1
3503,500,3526,1,1,1,1
3504,0,3527,1,1,1,1
3505,340,3528,1,1,1,1
3506,0,3529,1,1,1,1
3507,18105,3530,3,3,1,1
3508,4195,3531,1,1,1,1
3509,7875,3532,1,1,1,1
3510,2000,3533,1,1,1,1
3511,5375,3534,1,1,1,1
3512,6540,3535,1,1,1,1
3513,375,3536,1,1,1,1
3514,1875,3537,1,1,1,1
3515,23735,3538,1,3,1,1
3516,625,3539,1,1,1,1
3517,45105,3540,3,4,1,1
3518,4875,3541,1,1,1,1
3519,3000,3542,1,1,1,1
3520,6875,3543,1,1,1,1
3521,3250,3544,1,1,1,1
3522,3125,3545,1,1,1,1
3523,1500,3546,1,1,1,1
3524,4125,3547,1,1,1,1
3525,2625,3548,1,1,1,1
3526,3375,3549,1,1,1,1
3527,1250,3550,1,1,1,1
3528,1750,3551,1,1,1,1
3529,4250,3552,1,1,1,1
3530,875,3553,1,1,1,1
3531,4000,3554,1,1,1,1
3532,3375,3555,1,1,1,1
3533,7000,3556,1,1,1,1
3534,2750,3557,1,1,1,1
3535,750,3558,1,1,1,1
3536,3625,3559,1,1,1,1
3537,12931,3560,3,2,1,1
3538,3250,3561,1,1,1,1
3539,1250,3562,1,1,1,1
3540,1625,3563,1,1,1,1
3541,1875,3564,1,1,1,1
3542,2875,3565,1,1,1,1
3543,3517,3566,1,1,1,1
3544,2600,3567,1,1,1,1
3545,2100,3568,1,1,1,1
3546,4625,3569,1,1,1,1
3547,2250,3570,1,1,1,1
3548,4000,3571,1,1,1,1
3549,2500,3572,1,1,1,1
3550,3375,3573,1,1,1,1
3551,1375,3574,1,1,1,1
3552,1500,3575,1,1,1,1
3553,375,3576,1,1,1,1
3554,750,3577,1,1,1,1
3555,3500,3578,1,1,1,1
3556,500,3579,1,1,1,1
3557,1840,3580,1,1,1,1
3558,1750,3581,1,1,1,1
3559,5600,3582,1,1,1,1
3560,3958,3583,1,1,1,1
3561,1500,3584,1,1,1,1
3562,4475,3585,1,1,1,1
3563,2750,3586,1,1,1,1
3564,625,3587,1,1,1,1
3565,3625,3588,1,1,1,1
3566,2750,3589,1,1,1,1
3567,15178,3590,3,3,1,1
3568,33147,3591,3,4,1,1
3569,18284,3592,3,3,1,1
3570,375,3593,1,1,1,1
3571,2250,3594,1,1,1,1
3572,7164,3595,1,1,1,1
3573,5625,3596,1,1,1,1
3574,500,3597,1,1,1,1
3575,2125,3598,1,1,1,1
3576,3850,3599,1,1,1,1
3577,3098,3600,1,1,1,1
3578,2125,3601,1,1,1,1
3579,3875,3602,1,1,1,1
3580,4375,3603,1,1,1,1
3581,3625,3604,1,1,1,1
3582,1250,3605,1,1,1,1
3583,71954,3606,0,1,1,1
3584,2250,3607,1,1,1,1
3585,1375,3608,1,1,1,1
3586,1875,3609,1,1,1,1
3587,10375,3610,1,1,1,1
3588,4875,3611,1,1,1,1
3589,1375,3612,1,1,1,1
3590,2125,3613,1,1,1,1
3591,125,3614,1,1,1,1
3592,3375,3615,1,1,1,1
3593,2250,3616,1,1,1,1
3594,83726,3617,0,4,1,1
3595,3250,3618,1,1,1,1
3596,5409,3619,1,1,1,1
3597,0,3620,1,1,1,1
3598,400,3621,1,1,1,1
3599,0,3622,1,1,1,1
3600,0,3623,1,1,1,1
3601,20055,3624,3,3,1,1
3602,0,3625,1,1,1,1
3603,0,3626,1,1,1,1
3604,450,3627,1,1,1,1
3605,6000,3628,1,1,1,1
3606,2484,3629,1,1,1,1
3607,16165,3630,1,1,1,1
3608,1136,3631,1,1,1,1
3609,24761,3632,1,2,1,1
3610,0,3633,1,1,1,1
3611,23760,3634,2,1,3,1
3612,14935,3635,3,3,1,1
3613,21634,3636,1,2,1,1
3614,0,3637,1,1,1,1
3615,36694,3638,1,3,1,1
3616,500,3639,1,1,1,1
3617,41685,3640,3,4,1,1
3618,1550,3641,1,1,1,1
3619,16093,3642,3,3,1,1
3620,3500,3643,1,1,1,1
3621,100,3644,1,1,1,1
3622,0,3645,1,1,1,1
3623,500,3646,1,1,1,1
3624,31605,3647,3,3,1,1
3625,0,3648,1,1,1,1
3626,17988,3649,1,3,1,1
3627,16524,3650,1,3,1,1
3628,1000,3651,1,1,1,1
3629,0,3652,1,1,1,1
3630,1225,3653,1,1,1,1
3631,100,3654,1,1,1,1
3632,1000,3655,1,1,1,1
3633,4794,3656,1,1,1,1
3634,500,3657,1,1,1,1
3635,0,3658,1,1,1,1
3636,8417,3659,1,1,1,1
3637,6406,3660,1,1,1,1
3638,1000,3661,1,1,1,1
3639,5115,3662,1,1,1,1
3640,1750,3663,1,1,1,1
3641,50,3664,1,1,1,1
3642,7500,3665,1,1,1,1
3643,100,3666,1,1,1,1
3644,0,3667,1,1,1,1
3645,2875,3668,1,1,1,1
3646,37937,3669,3,4,1,1
3647,0,3670,1,1,1,1
3648,500,3671,1,1,1,1
3649,3000,3672,1,1,1,1
3650,0,3673,1,1,1,1
3651,11075,3674,1,1,1,1
3652,16697,3675,1,1,1,1
3653,15949,3676,1,1,1,1
3654,0,3677,1,1,1,1
3655,500,3678,1,1,1,1
3656,1336,3679,1,1,1,1
3657,9864,3680,1,2,1,1
3658,0,3681,1,1,1,1
3659,0,3682,1,1,1,1
3660,2100,3683,1,1,1,1
3661,7972,3684,1,2,1,1
3662,500,3685,1,1,1,1
3663,0,3686,1,1,1,1
3664,20695,3687,1,3,1,1
3665,22802,3688,1,2,1,1
3666,4537,3689,1,1,1,1
3667,30627,3690,1,2,1,1
3668,19969,3691,1,1,1,1
3669,100,3692,1,1,1,1
3670,1100,3693,1,1,1,1
3671,15685,3694,1,3,1,1
3672,0,3695,1,1,1,1
3673,4600,3696,1,1,1,1
3674,250,3697,1,1,1,1
3675,3139,3698,1,1,1,1
3676,1919,3699,1,1,1,1
3677,0,3700,1,1,1,1
3678,4354,3701,1,1,1,1
3679,500,3702,1,1,1,1
3680,180,3703,1,1,1,1
3681,3740,3704,1,1,1,1
3682,1000,3705,1,1,1,1
3683,0,3706,1,1,1,1
3684,7946,3707,1,1,1,1
3685,0,3708,1,1,1,1
3686,0,3709,1,1,1,1
3687,0,3710,1,1,1,1
3688,22697,3711,3,3,1,1
3689,1200,3712,1,1,1,1
3690,0,3713,1,1,1,1
3691,0,3714,1,1,1,1
3692,1000,3715,1,1,1,1
3693,2500,3716,1,1,1,1
3694,0,3717,1,1,1,1
3695,0,3718,1,1,1,1
3696,0,3719,1,1,1,1
3697,0,3720,1,1,1,1
3698,0,3721,1,1,1,1
3699,0,3722,1,1,1,1
3700,0,3723,1,1,1,1
3701,0,3724,1,1,1,1
3702,1000,3725,1,1,1,1
3703,0,3726,1,1,1,1
3704,0,3727,1,1,1,1
3705,0,3728,1,1,1,1
3706,30500,3729,1,3,1,1
3707,0,3730,1,1,1,1
3708,0,3731,1,1,1,1
3709,600,3732,1,1,1,1
3710,0,3733,1,1,1,1
3711,1100,3734,1,1,1,1
3712,1000,3735,1,1,1,1
3713,0,3736,1,1,1,1
3714,0,3737,1,1,1,1
3715,28923,3738,1,3,1,1
3716,1693,3739,1,1,1,1
3717,0,3740,1,1,1,1
3718,4830,3741,1,1,1,1
3719,0,3742,1,1,1,1
3720,0,3743,1,1,1,1
3721,0,3744,1,1,1,1
3722,0,3745,1,1,1,1
3723,0,3746,1,1,1,1
3724,0,3747,1,1,1,1
3725,0,3748,1,1,1,1
3726,0,3749,1,1,1,1
3727,5632,3750,1,1,1,1
3728,0,3751,1,1,1,1
3729,0,3752,1,1,1,1
3730,0,3753,1,1,1,1
3731,1000,3754,1,1,1,1
3732,125,3755,1,1,1,1
3733,1431,3756,1,1,1,1
3734,765,3757,1,1,1,1
3735,14970,3758,1,1,1,1
3736,0,3759,1,1,1,1
3737,0,3760,1,1,1,1
3738,7195,3761,1,1,1,1
3739,500,3762,1,1,1,1
3740,32592,3763,3,3,1,1
3741,0,3764,1,1,1,1
3742,0,3765,1,1,1,1
3743,1500,3766,1,1,1,1
3744,5000,3767,1,1,1,1
3745,642,3768,1,1,1,1
3746,0,3769,1,1,1,1
3747,0,3770,1,1,1,1
3748,23927,3771,3,3,1,1
3749,0,3772,1,1,1,1
3750,27119,3773,1,2,1,1
3751,17848,3774,3,3,1,1
3752,5025,3775,1,1,1,1
3753,61530,3776,3,5,1,1
3754,10300,3777,1,1,1,1
3755,1373,3778,1,1,1,1
3756,14000,3779,0,1,1,1
3757,5756,3780,1,2,1,1
3758,3600,3781,1,1,1,1
3759,2850,3782,1,1,1,1
3760,4263,3783,1,1,1,1
3761,19182,3784,3,3,1,1
3762,10914,3785,2,1,2,1
3763,22539,3786,1,3,1,1
3764,7787,3787,1,2,1,1
3765,1500,3788,1,1,1,1
3766,0,3789,1,1,1,1
3767,10893,3790,1,2,1,1
3768,160,3791,1,1,1,1
3769,49702,3792,3,4,1,1
3770,0,3793,1,1,1,1
3771,31329,3794,1,3,1,1
3772,138334,3795,3,5,1,1
3773,1021,3796,1,1,1,1
3774,1491,3797,1,1,1,1
3775,45212,3798,3,4,1,1
3776,400,3799,1,1,1,1
3777,20594,3800,3,3,1,1
3778,750,3801,1,1,1,1
3779,17759,3802,2,1,3,1
3780,220,3803,1,1,1,1
3781,5101,3804,1,1,1,1
3782,8102,3805,1,1,1,1
3783,23956,3806,3,3,1,1
3784,31463,3807,3,4,1,1
3785,33434,3808,3,4,1,1
3786,3219,3809,1,1,1,1
3787,10000,3810,1,1,1,1
3788,23592,3811,2,1,2,1
3789,26734,3812,3,4,1,1
3790,358,3813,1,1,1,1
3791,34224,3814,3,4,1,1
3792,32417,3815,3,4,1,1
3793,0,3816,1,1,1,1
3794,1225,3817,1,1,1,1
3795,0,3818,1,1,1,1
3796,41949,3819,3,4,1,1
3797,10156,3820,1,2,1,1
3798,730,3821,1,1,1,1
3799,0,3822,1,1,1,1
3800,20430,3823,3,3,1,1
3801,51620,3824,3,4,1,1
3802,2525,3825,1,1,1,1
3803,2225,3826,1,1,1,1
3804,8426,3827,1,1,1,1
3805,3320,3828,1,1,1,1
3806,2800,3829,0,1,1,1
3807,23974,3830,3,3,1,1
3808,21559,3831,1,3,1,1
3809,0,3832,1,1,1,1
3810,5125,3833,1,1,1,1
3811,8130,3834,1,1,1,1
3812,891,3835,1,1,1,1
3813,1500,3836,1,1,1,1
3814,9482,3837,1,2,1,1
3815,1750,3838,1,1,1,1
3816,18487,3839,3,3,1,1
3817,465,3840,1,1,1,1
3818,6500,3841,1,1,1,1
3819,43527,3842,3,4,1,1
3820,0,3843,1,1,1,1
3821,2750,3844,1,1,1,1
3822,64572,3845,3,5,1,1
3823,51740,3846,3,4,1,1
3824,5500,3847,0,1,1,1
3825,3602,3848,1,1,1,1
3826,8096,3849,1,1,1,1
3827,0,3850,1,1,1,1
3828,500,3851,1,1,1,1
3829,5990,3852,1,1,1,1
3830,24333,3853,3,3,1,1
3831,7500,3854,1,1,1,1
3832,7676,3855,0,1,1,1
3833,32069,3856,1,3,1,1
3834,49801,3857,3,4,1,1
3835,500,3858,1,1,1,1
3836,0,3859,1,1,1,1
3837,14135,3860,2,1,2,1
3838,3812,3861,1,1,1,1
3839,5159,3862,1,1,1,1
3840,6085,3863,1,1,1,1
3841,550,3864,1,1,1,1
3842,3375,3865,1,1,1,1
3843,36640,3866,3,4,1,1
3844,2950,3867,1,1,1,1
3845,0,3868,1,1,1,1
3846,71609,3869,0,5,1,1
3847,5000,3870,1,1,1,1
3848,0,3871,1,1,1,1
3849,14630,3872,1,3,1,1
3850,0,3873,1,1,1,1
3851,8099,3874,2,1,2,1
3852,0,3875,1,1,1,1
3853,0,3876,1,1,1,1
3854,19715,3877,1,3,1,1
3855,78916,3878,3,5,1,1
3856,135,3879,1,1,1,1
3857,0,3880,1,1,1,1
3858,0,3881,1,1,1,1
3859,410,3882,1,1,1,1
3860,23130,3883,3,3,1,1
3861,100,3884,1,1,1,1
3862,31390,3885,3,3,1,1
3863,6129,3886,1,1,1,1
3864,0,3887,1,1,1,1
3865,11110,3888,1,3,1,1
3866,0,3889,1,1,1,1
3867,37304,3890,3,4,1,1
3868,10333,3891,1,2,1,1
3869,4398,3892,1,1,1,1
3870,1291,3893,1,1,1,1
3871,24051,3894,3,3,1,1
3872,0,3895,1,1,1,1
3873,800,3896,1,1,1,1
3874,3400,3897,1,1,1,1
3875,9178,3898,1,2,1,1
3876,0,3899,1,1,1,1
3877,27564,3900,3,3,1,1
3878,500,3901,1,1,1,1
3879,0,3902,1,1,1,1
3880,5736,3903,1,1,1,1
3881,39635,3904,3,4,1,1
3882,350,3905,1,1,1,1
3883,190160,3906,3,5,1,1
3884,4000,3907,1,1,1,1
3885,0,3908,1,1,1,1
3886,36702,3909,3,4,1,1
3887,2882,3910,1,1,1,1
3888,13160,3911,1,1,1,1
3889,4574,3912,1,1,1,1
3890,10000,3913,1,1,1,1
3891,18603,3914,1,3,1,1
3892,15717,3915,1,3,1,1
3893,500,3916,1,1,1,1
3894,10058,3917,1,1,1,1
3895,26,3918,1,1,1,1
3896,11052,3919,1,2,1,1
3897,18218,3920,3,3,1,1
3898,650,3921,1,1,1,1
3899,32474,3922,3,4,1,1
3900,6593,3923,1,1,1,1
3901,8500,3924,1,1,1,1
3902,13890,3925,3,1,1,1
3903,8092,3926,1,1,1,1
3904,4025,3927,1,1,1,1
3905,5899,3928,1,2,1,1
3906,1570,3929,1,1,1,1
3907,8808,3930,0,1,1,1
3908,52176,3931,3,4,1,1
3909,625,3932,1,1,1,1
3910,0,3933,1,1,1,1
3911,8104,3934,0,1,1,1
3912,500,3935,1,1,1,1
3913,15021,3936,3,3,1,1
3914,0,3937,1,1,1,1
3915,12245,3938,1,1,1,1
3916,0,3939,1,1,1,1
3917,65510,3940,0,4,1,1
3918,0,3941,1,1,1,1
3919,5000,3942,1,1,1,1
3920,1060,3943,1,1,1,1
3921,5600,3944,1,1,1,1
3922,0,3945,1,1,1,1
3923,3405,3946,1,1,1,1
3924,14275,3947,1,1,1,1
3925,1750,3948,1,1,1,1
3926,0,3949,1,1,1,1
3927,2625,3950,1,1,1,1
3928,1375,3951,1,1,1,1
3929,0,3952,1,1,1,1
3930,44110,3953,3,4,1,1
3931,25762,3954,3,3,1,1
3932,10205,3955,1,2,1,1
3933,375,3956,1,1,1,1
3934,10577,3957,0,1,1,1
3935,4970,3958,1,1,1,1
3936,365,3959,1,1,1,1
3937,0,3960,1,1,1,1
3938,3960,3961,1,1,1,1
3939,5412,3962,1,2,1,1
3940,0,3963,1,1,1,1
3941,5030,3964,1,1,1,1
3942,405,3965,1,1,1,1
3943,751,3966,1,1,1,1
3944,2324,3967,1,1,1,1
3945,19602,3968,1,1,1,1
3946,19565,3969,1,3,1,1
3947,12247,3970,1,2,1,1
3948,14204,3971,1,3,1,1
3949,4650,3972,1,1,1,1
3950,5050,3973,0,1,1,1
3951,0,3974,1,1,1,1
3952,2000,3975,1,1,1,1
3953,3100,3976,1,1,1,1
3954,21029,3977,3,3,1,1
3955,6000,3978,1,1,1,1
3956,4561,3979,1,1,1,1
3957,5240,3980,1,1,1,1
3958,1460,3981,1,1,1,1
3959,5822,3982,2,1,2,1
3960,3948,3983,1,1,1,1
3961,4993,3984,1,1,1,1
3962,935,3985,1,1,1,1
3963,4030,3986,1,1,1,1
3964,0,3987,1,1,1,1
3965,2330,3988,1,1,1,1
3966,37840,3989,3,4,1,1
3967,10599,3990,1,2,1,1
3968,3200,3991,1,1,1,1
3969,2069,3992,1,1,1,1
3970,2500,3993,1,1,1,1
