{"name":"data-society_pima-indians-diabetes-database","title":"Pima Indians Diabetes Database","description":"Predict the onset of diabetes based on diagnostic measures.\n\nThis dataset is originally from the National Institute of Diabetes and Digestive and Kidney Diseases. The objective is to predict based on diagnostic measurements whether a patient has diabetes.\n\nSeveral constraints were placed on the selection of these instances from a larger database. In particular, all patients here are females at least 21 years old of Pima Indian heritage.\n\n   * Pregnancies: Number of times pregnant\n   * Glucose: Plasma glucose concentration a 2 hours in an oral glucose tolerance test\n   * BloodPressure: Diastolic blood pressure (mm Hg)\n   * SkinThickness: Triceps skin fold thickness (mm)\n   * Insulin: 2-Hour serum insulin (mu U/ml)\n   * BMI: Body mass index (weight in kg/(height in m)^2)\n   * DiabetesPedigreeFunction: Diabetes pedigree function\n   * Age: Age (years)\n   * Outcome: Class variable (0 or 1)\n\nInspiration: \n   * some values are not in the range where they are supposed to be, should be treated as missing value. \n   * What kind of method is better to use to fill this type of missing value? How further clasification will be like? \n   * Is there any sub-groups significantly more likely to have diabetes?\n\n#feature range plotted below:\n![Imgur](http://i.imgur.com/IU7p5xG.png)\n\nSource: Kaggle\n\nhttps://www.kaggle.com/uciml/pima-indians-diabetes-database","homepage":"https://data.world/data-society/pima-indians-diabetes-database","resources":[{"name":"diabetes","schema":{"fields":[{"name":"pregnancies","title":"Pregnancies","type":"integer","rdfType":"http://www.w3.org/2001/XMLSchema#integer","dwSourceId":"pregnancies"},{"name":"glucose","title":"Glucose","type":"integer","rdfType":"http://www.w3.org/2001/XMLSchema#integer","dwSourceId":"glucose"},{"name":"bloodpressure","title":"BloodPressure","type":"integer","rdfType":"http://www.w3.org/2001/XMLSchema#integer","dwSourceId":"bloodpressure"},{"name":"skinthickness","title":"SkinThickness","type":"integer","rdfType":"http://www.w3.org/2001/XMLSchema#integer","dwSourceId":"skinthickness"},{"name":"insulin","title":"Insulin","type":"integer","rdfType":"http://www.w3.org/2001/XMLSchema#integer","dwSourceId":"insulin"},{"name":"bmi","title":"BMI","type":"number","rdfType":"http://www.w3.org/2001/XMLSchema#decimal","dwSourceId":"bmi"},{"name":"diabetespedigreefunction","title":"DiabetesPedigreeFunction","type":"number","rdfType":"http://www.w3.org/2001/XMLSchema#decimal","dwSourceId":"diabetespedigreefunction"},{"name":"age","title":"Age","type":"integer","rdfType":"http://www.w3.org/2001/XMLSchema#integer","dwSourceId":"age"},{"name":"outcome","title":"Outcome","type":"boolean","rdfType":"http://www.w3.org/2001/XMLSchema#boolean","dwSourceId":"outcome"}]},"path":"data/diabetes.csv","format":"csv"},{"name":"original/diabetes.csv","path":"original/diabetes.csv","format":"csv","mediatype":"text/csv","bytes":23873}],"keywords":["data society","diabetes","classification"]}