{"name":"thatzprem_agriculture-india","title":"India Crop Production - State wise","description":"India","homepage":"https://data.world/thatzprem/agriculture-india","resources":[{"name":"crop_production","schema":{"fields":[{"name":"state_name","title":"State_Name","description":"","type":"string","rdfType":"http://www.w3.org/2001/XMLSchema#string","dwSourceId":"state_name"},{"name":"district_name","title":"District_Name","type":"string","rdfType":"http://www.w3.org/2001/XMLSchema#string","dwSourceId":"district_name"},{"name":"crop_year","title":"Crop_Year","type":"gyear","rdfType":"http://www.w3.org/2001/XMLSchema#gYear","dwSourceId":"crop_year"},{"name":"season","title":"Season","type":"string","rdfType":"http://www.w3.org/2001/XMLSchema#string","dwSourceId":"season"},{"name":"crop","title":"Crop","type":"string","rdfType":"http://www.w3.org/2001/XMLSchema#string","dwSourceId":"crop"},{"name":"area","title":"Area","type":"number","rdfType":"http://www.w3.org/2001/XMLSchema#decimal","dwSourceId":"area"},{"name":"production","title":"Production","type":"number","rdfType":"http://www.w3.org/2001/XMLSchema#decimal","dwSourceId":"production"}]},"path":"data/crop_production.csv","format":"csv"},{"name":"original/crop_production.csv","path":"original/crop_production.csv","format":"csv","mediatype":"text/csv","bytes":15316741,"keywords":["documentation"]}],"keywords":["agriculture","india","crop production"]}